[
  {
    "name": "Application Start",
    "start": 1552391996544,
    "end": 1552391996979,
    "duration": 435,
    "pid": 20764,
    "index": 0
  },
  {
    "name": "Load Plugin",
    "start": 1552391996551,
    "end": 1552391996573,
    "duration": 22,
    "pid": 20764,
    "index": 1
  },
  {
    "name": "Load Config",
    "start": 1552391996573,
    "end": 1552391996599,
    "duration": 26,
    "pid": 20764,
    "index": 2
  },
  {
    "name": "Require(0) config/config.default.js",
    "start": 1552391996574,
    "end": 1552391996575,
    "duration": 1,
    "pid": 20764,
    "index": 3
  },
  {
    "name": "Require(1) node_modules/egg-session/config/config.default.js",
    "start": 1552391996577,
    "end": 1552391996578,
    "duration": 1,
    "pid": 20764,
    "index": 4
  },
  {
    "name": "Require(2) node_modules/egg-jsonp/config/config.default.js",
    "start": 1552391996579,
    "end": 1552391996579,
    "duration": 0,
    "pid": 20764,
    "index": 5
  },
  {
    "name": "Require(3) node_modules/egg-onerror/config/config.default.js",
    "start": 1552391996580,
    "end": 1552391996581,
    "duration": 1,
    "pid": 20764,
    "index": 6
  },
  {
    "name": "Require(4) node_modules/egg-i18n/config/config.default.js",
    "start": 1552391996581,
    "end": 1552391996582,
    "duration": 1,
    "pid": 20764,
    "index": 7
  },
  {
    "name": "Require(5) node_modules/egg-watcher/config/config.default.js",
    "start": 1552391996582,
    "end": 1552391996583,
    "duration": 1,
    "pid": 20764,
    "index": 8
  },
  {
    "name": "Require(6) node_modules/egg-schedule/config/config.default.js",
    "start": 1552391996584,
    "end": 1552391996584,
    "duration": 0,
    "pid": 20764,
    "index": 9
  },
  {
    "name": "Require(7) node_modules/egg-multipart/config/config.default.js",
    "start": 1552391996585,
    "end": 1552391996585,
    "duration": 0,
    "pid": 20764,
    "index": 10
  },
  {
    "name": "Require(8) node_modules/egg-development/config/config.default.js",
    "start": 1552391996586,
    "end": 1552391996587,
    "duration": 1,
    "pid": 20764,
    "index": 11
  },
  {
    "name": "Require(9) node_modules/egg-logrotator/config/config.default.js",
    "start": 1552391996587,
    "end": 1552391996588,
    "duration": 1,
    "pid": 20764,
    "index": 12
  },
  {
    "name": "Require(10) node_modules/egg-static/config/config.default.js",
    "start": 1552391996588,
    "end": 1552391996589,
    "duration": 1,
    "pid": 20764,
    "index": 13
  },
  {
    "name": "Require(11) node_modules/egg-view/config/config.default.js",
    "start": 1552391996590,
    "end": 1552391996590,
    "duration": 0,
    "pid": 20764,
    "index": 14
  },
  {
    "name": "Require(12) node_modules/egg-cors/config/config.default.js",
    "start": 1552391996591,
    "end": 1552391996591,
    "duration": 0,
    "pid": 20764,
    "index": 15
  },
  {
    "name": "Require(13) node_modules/egg/config/config.default.js",
    "start": 1552391996592,
    "end": 1552391996593,
    "duration": 1,
    "pid": 20764,
    "index": 16
  },
  {
    "name": "Require(14) config/config.default.js",
    "start": 1552391996595,
    "end": 1552391996595,
    "duration": 0,
    "pid": 20764,
    "index": 17
  },
  {
    "name": "Require(15) node_modules/egg-watcher/config/config.local.js",
    "start": 1552391996596,
    "end": 1552391996597,
    "duration": 1,
    "pid": 20764,
    "index": 18
  },
  {
    "name": "Require(16) node_modules/egg-view/config/config.local.js",
    "start": 1552391996598,
    "end": 1552391996598,
    "duration": 0,
    "pid": 20764,
    "index": 19
  },
  {
    "name": "Require(17) node_modules/egg/config/config.local.js",
    "start": 1552391996599,
    "end": 1552391996599,
    "duration": 0,
    "pid": 20764,
    "index": 20
  },
  {
    "name": "Load extend/application.js",
    "start": 1552391996601,
    "end": 1552391996612,
    "duration": 11,
    "pid": 20764,
    "index": 21
  },
  {
    "name": "Require(18) node_modules/egg-session/app/extend/application.js",
    "start": 1552391996602,
    "end": 1552391996602,
    "duration": 0,
    "pid": 20764,
    "index": 22
  },
  {
    "name": "Require(19) node_modules/egg-jsonp/app/extend/application.js",
    "start": 1552391996603,
    "end": 1552391996604,
    "duration": 1,
    "pid": 20764,
    "index": 23
  },
  {
    "name": "Require(20) node_modules/egg-logrotator/app/extend/application.js",
    "start": 1552391996606,
    "end": 1552391996608,
    "duration": 2,
    "pid": 20764,
    "index": 24
  },
  {
    "name": "Require(21) node_modules/egg-view/app/extend/application.js",
    "start": 1552391996608,
    "end": 1552391996610,
    "duration": 2,
    "pid": 20764,
    "index": 25
  },
  {
    "name": "Load extend/request.js",
    "start": 1552391996612,
    "end": 1552391996618,
    "duration": 6,
    "pid": 20764,
    "index": 26
  },
  {
    "name": "Require(22) node_modules/egg/app/extend/request.js",
    "start": 1552391996614,
    "end": 1552391996616,
    "duration": 2,
    "pid": 20764,
    "index": 27
  },
  {
    "name": "Load extend/response.js",
    "start": 1552391996618,
    "end": 1552391996623,
    "duration": 5,
    "pid": 20764,
    "index": 28
  },
  {
    "name": "Require(23) node_modules/egg/app/extend/response.js",
    "start": 1552391996620,
    "end": 1552391996621,
    "duration": 1,
    "pid": 20764,
    "index": 29
  },
  {
    "name": "Load extend/context.js",
    "start": 1552391996623,
    "end": 1552391996689,
    "duration": 66,
    "pid": 20764,
    "index": 30
  },
  {
    "name": "Require(24) node_modules/egg-jsonp/app/extend/context.js",
    "start": 1552391996624,
    "end": 1552391996626,
    "duration": 2,
    "pid": 20764,
    "index": 31
  },
  {
    "name": "Require(25) node_modules/egg-i18n/app/extend/context.js",
    "start": 1552391996626,
    "end": 1552391996628,
    "duration": 2,
    "pid": 20764,
    "index": 32
  },
  {
    "name": "Require(26) node_modules/egg-multipart/app/extend/context.js",
    "start": 1552391996629,
    "end": 1552391996681,
    "duration": 52,
    "pid": 20764,
    "index": 33
  },
  {
    "name": "Require(27) node_modules/egg-view/app/extend/context.js",
    "start": 1552391996682,
    "end": 1552391996684,
    "duration": 2,
    "pid": 20764,
    "index": 34
  },
  {
    "name": "Require(28) node_modules/egg/app/extend/context.js",
    "start": 1552391996684,
    "end": 1552391996686,
    "duration": 2,
    "pid": 20764,
    "index": 35
  },
  {
    "name": "Load extend/helper.js",
    "start": 1552391996689,
    "end": 1552391996693,
    "duration": 4,
    "pid": 20764,
    "index": 36
  },
  {
    "name": "Require(29) node_modules/egg/app/extend/helper.js",
    "start": 1552391996691,
    "end": 1552391996692,
    "duration": 1,
    "pid": 20764,
    "index": 37
  },
  {
    "name": "Load app.js",
    "start": 1552391996694,
    "end": 1552391996746,
    "duration": 52,
    "pid": 20764,
    "index": 38
  },
  {
    "name": "Require(30) node_modules/egg-session/app.js",
    "start": 1552391996694,
    "end": 1552391996694,
    "duration": 0,
    "pid": 20764,
    "index": 39
  },
  {
    "name": "Require(31) node_modules/egg-onerror/app.js",
    "start": 1552391996695,
    "end": 1552391996709,
    "duration": 14,
    "pid": 20764,
    "index": 40
  },
  {
    "name": "Require(32) node_modules/egg-i18n/app.js",
    "start": 1552391996710,
    "end": 1552391996731,
    "duration": 21,
    "pid": 20764,
    "index": 41
  },
  {
    "name": "Require(33) node_modules/egg-watcher/app.js",
    "start": 1552391996731,
    "end": 1552391996736,
    "duration": 5,
    "pid": 20764,
    "index": 42
  },
  {
    "name": "Require(34) node_modules/egg-schedule/app.js",
    "start": 1552391996736,
    "end": 1552391996738,
    "duration": 2,
    "pid": 20764,
    "index": 43
  },
  {
    "name": "Require(35) node_modules/egg-multipart/app.js",
    "start": 1552391996739,
    "end": 1552391996742,
    "duration": 3,
    "pid": 20764,
    "index": 44
  },
  {
    "name": "Require(36) node_modules/egg-development/app.js",
    "start": 1552391996742,
    "end": 1552391996742,
    "duration": 0,
    "pid": 20764,
    "index": 45
  },
  {
    "name": "Require(37) node_modules/egg-logrotator/app.js",
    "start": 1552391996743,
    "end": 1552391996743,
    "duration": 0,
    "pid": 20764,
    "index": 46
  },
  {
    "name": "Require(38) node_modules/egg-static/app.js",
    "start": 1552391996744,
    "end": 1552391996744,
    "duration": 0,
    "pid": 20764,
    "index": 47
  },
  {
    "name": "Require(39) node_modules/egg-cors/app.js",
    "start": 1552391996745,
    "end": 1552391996745,
    "duration": 0,
    "pid": 20764,
    "index": 48
  },
  {
    "name": "Before Start in node_modules/egg-watcher/lib/init.js:15:14",
    "start": 1552391996761,
    "end": 1552391996978,
    "duration": 217,
    "pid": 20764,
    "index": 49
  },
  {
    "name": "Load Service",
    "start": 1552391996809,
    "end": 1552391996818,
    "duration": 9,
    "pid": 20764,
    "index": 50
  },
  {
    "name": "Load \"service\" to Context",
    "start": 1552391996809,
    "end": 1552391996818,
    "duration": 9,
    "pid": 20764,
    "index": 51
  },
  {
    "name": "Load Middleware",
    "start": 1552391996818,
    "end": 1552391996941,
    "duration": 123,
    "pid": 20764,
    "index": 52
  },
  {
    "name": "Load \"middlewares\" to Application",
    "start": 1552391996818,
    "end": 1552391996936,
    "duration": 118,
    "pid": 20764,
    "index": 53
  },
  {
    "name": "Load Controller",
    "start": 1552391996941,
    "end": 1552391996951,
    "duration": 10,
    "pid": 20764,
    "index": 54
  },
  {
    "name": "Load \"controller\" to Application",
    "start": 1552391996941,
    "end": 1552391996951,
    "duration": 10,
    "pid": 20764,
    "index": 55
  },
  {
    "name": "Load Router",
    "start": 1552391996951,
    "end": 1552391996955,
    "duration": 4,
    "pid": 20764,
    "index": 56
  },
  {
    "name": "Require(40) app/router.js",
    "start": 1552391996952,
    "end": 1552391996952,
    "duration": 0,
    "pid": 20764,
    "index": 57
  },
  {
    "name": "Before Start in node_modules/egg-core/lib/egg.js:287:10",
    "start": 1552391996953,
    "end": 1552391996966,
    "duration": 13,
    "pid": 20764,
    "index": 58
  }
]