[
  {
    "name": "Application Start",
    "start": 1552392290795,
    "end": 1552392291267,
    "duration": 472,
    "pid": 20700,
    "index": 0
  },
  {
    "name": "Load Plugin",
    "start": 1552392290801,
    "end": 1552392290821,
    "duration": 20,
    "pid": 20700,
    "index": 1
  },
  {
    "name": "Load Config",
    "start": 1552392290821,
    "end": 1552392290850,
    "duration": 29,
    "pid": 20700,
    "index": 2
  },
  {
    "name": "Require(0) config/config.default.js",
    "start": 1552392290822,
    "end": 1552392290823,
    "duration": 1,
    "pid": 20700,
    "index": 3
  },
  {
    "name": "Require(1) node_modules/egg-session/config/config.default.js",
    "start": 1552392290824,
    "end": 1552392290825,
    "duration": 1,
    "pid": 20700,
    "index": 4
  },
  {
    "name": "Require(2) node_modules/egg-jsonp/config/config.default.js",
    "start": 1552392290825,
    "end": 1552392290826,
    "duration": 1,
    "pid": 20700,
    "index": 5
  },
  {
    "name": "Require(3) node_modules/egg-onerror/config/config.default.js",
    "start": 1552392290826,
    "end": 1552392290827,
    "duration": 1,
    "pid": 20700,
    "index": 6
  },
  {
    "name": "Require(4) node_modules/egg-i18n/config/config.default.js",
    "start": 1552392290827,
    "end": 1552392290828,
    "duration": 1,
    "pid": 20700,
    "index": 7
  },
  {
    "name": "Require(5) node_modules/egg-watcher/config/config.default.js",
    "start": 1552392290829,
    "end": 1552392290830,
    "duration": 1,
    "pid": 20700,
    "index": 8
  },
  {
    "name": "Require(6) node_modules/egg-schedule/config/config.default.js",
    "start": 1552392290830,
    "end": 1552392290830,
    "duration": 0,
    "pid": 20700,
    "index": 9
  },
  {
    "name": "Require(7) node_modules/egg-multipart/config/config.default.js",
    "start": 1552392290831,
    "end": 1552392290832,
    "duration": 1,
    "pid": 20700,
    "index": 10
  },
  {
    "name": "Require(8) node_modules/egg-development/config/config.default.js",
    "start": 1552392290832,
    "end": 1552392290833,
    "duration": 1,
    "pid": 20700,
    "index": 11
  },
  {
    "name": "Require(9) node_modules/egg-logrotator/config/config.default.js",
    "start": 1552392290833,
    "end": 1552392290834,
    "duration": 1,
    "pid": 20700,
    "index": 12
  },
  {
    "name": "Require(10) node_modules/egg-static/config/config.default.js",
    "start": 1552392290835,
    "end": 1552392290835,
    "duration": 0,
    "pid": 20700,
    "index": 13
  },
  {
    "name": "Require(11) node_modules/egg-view/config/config.default.js",
    "start": 1552392290836,
    "end": 1552392290837,
    "duration": 1,
    "pid": 20700,
    "index": 14
  },
  {
    "name": "Require(12) node_modules/egg-cors/config/config.default.js",
    "start": 1552392290837,
    "end": 1552392290838,
    "duration": 1,
    "pid": 20700,
    "index": 15
  },
  {
    "name": "Require(13) node_modules/egg/config/config.default.js",
    "start": 1552392290838,
    "end": 1552392290839,
    "duration": 1,
    "pid": 20700,
    "index": 16
  },
  {
    "name": "Require(14) config/config.default.js",
    "start": 1552392290841,
    "end": 1552392290841,
    "duration": 0,
    "pid": 20700,
    "index": 17
  },
  {
    "name": "Require(15) node_modules/egg-watcher/config/config.local.js",
    "start": 1552392290844,
    "end": 1552392290846,
    "duration": 2,
    "pid": 20700,
    "index": 18
  },
  {
    "name": "Require(16) node_modules/egg-view/config/config.local.js",
    "start": 1552392290847,
    "end": 1552392290848,
    "duration": 1,
    "pid": 20700,
    "index": 19
  },
  {
    "name": "Require(17) node_modules/egg/config/config.local.js",
    "start": 1552392290849,
    "end": 1552392290850,
    "duration": 1,
    "pid": 20700,
    "index": 20
  },
  {
    "name": "Load extend/application.js",
    "start": 1552392290852,
    "end": 1552392290867,
    "duration": 15,
    "pid": 20700,
    "index": 21
  },
  {
    "name": "Require(18) node_modules/egg-session/app/extend/application.js",
    "start": 1552392290852,
    "end": 1552392290853,
    "duration": 1,
    "pid": 20700,
    "index": 22
  },
  {
    "name": "Require(19) node_modules/egg-jsonp/app/extend/application.js",
    "start": 1552392290854,
    "end": 1552392290857,
    "duration": 3,
    "pid": 20700,
    "index": 23
  },
  {
    "name": "Require(20) node_modules/egg-logrotator/app/extend/application.js",
    "start": 1552392290858,
    "end": 1552392290861,
    "duration": 3,
    "pid": 20700,
    "index": 24
  },
  {
    "name": "Require(21) node_modules/egg-view/app/extend/application.js",
    "start": 1552392290861,
    "end": 1552392290864,
    "duration": 3,
    "pid": 20700,
    "index": 25
  },
  {
    "name": "Load extend/request.js",
    "start": 1552392290867,
    "end": 1552392290875,
    "duration": 8,
    "pid": 20700,
    "index": 26
  },
  {
    "name": "Require(22) node_modules/egg/app/extend/request.js",
    "start": 1552392290870,
    "end": 1552392290872,
    "duration": 2,
    "pid": 20700,
    "index": 27
  },
  {
    "name": "Load extend/response.js",
    "start": 1552392290875,
    "end": 1552392290881,
    "duration": 6,
    "pid": 20700,
    "index": 28
  },
  {
    "name": "Require(23) node_modules/egg/app/extend/response.js",
    "start": 1552392290877,
    "end": 1552392290879,
    "duration": 2,
    "pid": 20700,
    "index": 29
  },
  {
    "name": "Load extend/context.js",
    "start": 1552392290881,
    "end": 1552392290962,
    "duration": 81,
    "pid": 20700,
    "index": 30
  },
  {
    "name": "Require(24) node_modules/egg-jsonp/app/extend/context.js",
    "start": 1552392290882,
    "end": 1552392290884,
    "duration": 2,
    "pid": 20700,
    "index": 31
  },
  {
    "name": "Require(25) node_modules/egg-i18n/app/extend/context.js",
    "start": 1552392290884,
    "end": 1552392290887,
    "duration": 3,
    "pid": 20700,
    "index": 32
  },
  {
    "name": "Require(26) node_modules/egg-multipart/app/extend/context.js",
    "start": 1552392290887,
    "end": 1552392290955,
    "duration": 68,
    "pid": 20700,
    "index": 33
  },
  {
    "name": "Require(27) node_modules/egg-view/app/extend/context.js",
    "start": 1552392290955,
    "end": 1552392290957,
    "duration": 2,
    "pid": 20700,
    "index": 34
  },
  {
    "name": "Require(28) node_modules/egg/app/extend/context.js",
    "start": 1552392290957,
    "end": 1552392290961,
    "duration": 4,
    "pid": 20700,
    "index": 35
  },
  {
    "name": "Load extend/helper.js",
    "start": 1552392290962,
    "end": 1552392290967,
    "duration": 5,
    "pid": 20700,
    "index": 36
  },
  {
    "name": "Require(29) node_modules/egg/app/extend/helper.js",
    "start": 1552392290964,
    "end": 1552392290964,
    "duration": 0,
    "pid": 20700,
    "index": 37
  },
  {
    "name": "Load app.js",
    "start": 1552392290967,
    "end": 1552392291024,
    "duration": 57,
    "pid": 20700,
    "index": 38
  },
  {
    "name": "Require(30) node_modules/egg-session/app.js",
    "start": 1552392290967,
    "end": 1552392290967,
    "duration": 0,
    "pid": 20700,
    "index": 39
  },
  {
    "name": "Require(31) node_modules/egg-onerror/app.js",
    "start": 1552392290967,
    "end": 1552392290984,
    "duration": 17,
    "pid": 20700,
    "index": 40
  },
  {
    "name": "Require(32) node_modules/egg-i18n/app.js",
    "start": 1552392290985,
    "end": 1552392291007,
    "duration": 22,
    "pid": 20700,
    "index": 41
  },
  {
    "name": "Require(33) node_modules/egg-watcher/app.js",
    "start": 1552392291007,
    "end": 1552392291014,
    "duration": 7,
    "pid": 20700,
    "index": 42
  },
  {
    "name": "Require(34) node_modules/egg-schedule/app.js",
    "start": 1552392291014,
    "end": 1552392291016,
    "duration": 2,
    "pid": 20700,
    "index": 43
  },
  {
    "name": "Require(35) node_modules/egg-multipart/app.js",
    "start": 1552392291016,
    "end": 1552392291020,
    "duration": 4,
    "pid": 20700,
    "index": 44
  },
  {
    "name": "Require(36) node_modules/egg-development/app.js",
    "start": 1552392291020,
    "end": 1552392291022,
    "duration": 2,
    "pid": 20700,
    "index": 45
  },
  {
    "name": "Require(37) node_modules/egg-logrotator/app.js",
    "start": 1552392291022,
    "end": 1552392291022,
    "duration": 0,
    "pid": 20700,
    "index": 46
  },
  {
    "name": "Require(38) node_modules/egg-static/app.js",
    "start": 1552392291022,
    "end": 1552392291023,
    "duration": 1,
    "pid": 20700,
    "index": 47
  },
  {
    "name": "Require(39) node_modules/egg-cors/app.js",
    "start": 1552392291023,
    "end": 1552392291024,
    "duration": 1,
    "pid": 20700,
    "index": 48
  },
  {
    "name": "Before Start in node_modules/egg-watcher/lib/init.js:15:14",
    "start": 1552392291039,
    "end": 1552392291267,
    "duration": 228,
    "pid": 20700,
    "index": 49
  },
  {
    "name": "Load Service",
    "start": 1552392291090,
    "end": 1552392291098,
    "duration": 8,
    "pid": 20700,
    "index": 50
  },
  {
    "name": "Load \"service\" to Context",
    "start": 1552392291090,
    "end": 1552392291098,
    "duration": 8,
    "pid": 20700,
    "index": 51
  },
  {
    "name": "Load Middleware",
    "start": 1552392291098,
    "end": 1552392291227,
    "duration": 129,
    "pid": 20700,
    "index": 52
  },
  {
    "name": "Load \"middlewares\" to Application",
    "start": 1552392291098,
    "end": 1552392291223,
    "duration": 125,
    "pid": 20700,
    "index": 53
  },
  {
    "name": "Load Controller",
    "start": 1552392291228,
    "end": 1552392291238,
    "duration": 10,
    "pid": 20700,
    "index": 54
  },
  {
    "name": "Load \"controller\" to Application",
    "start": 1552392291228,
    "end": 1552392291238,
    "duration": 10,
    "pid": 20700,
    "index": 55
  },
  {
    "name": "Load Router",
    "start": 1552392291238,
    "end": 1552392291242,
    "duration": 4,
    "pid": 20700,
    "index": 56
  },
  {
    "name": "Require(40) app/router.js",
    "start": 1552392291239,
    "end": 1552392291239,
    "duration": 0,
    "pid": 20700,
    "index": 57
  },
  {
    "name": "Before Start in node_modules/egg-core/lib/egg.js:287:10",
    "start": 1552392291240,
    "end": 1552392291254,
    "duration": 14,
    "pid": 20700,
    "index": 58
  }
]