[
  {
    "name": "Application Start",
    "start": 1552394087511,
    "end": 1552394087996,
    "duration": 485,
    "pid": 8412,
    "index": 0
  },
  {
    "name": "Load Plugin",
    "start": 1552394087517,
    "end": 1552394087537,
    "duration": 20,
    "pid": 8412,
    "index": 1
  },
  {
    "name": "Load Config",
    "start": 1552394087538,
    "end": 1552394087566,
    "duration": 28,
    "pid": 8412,
    "index": 2
  },
  {
    "name": "Require(0) config/config.default.js",
    "start": 1552394087538,
    "end": 1552394087539,
    "duration": 1,
    "pid": 8412,
    "index": 3
  },
  {
    "name": "Require(1) node_modules/egg-session/config/config.default.js",
    "start": 1552394087541,
    "end": 1552394087541,
    "duration": 0,
    "pid": 8412,
    "index": 4
  },
  {
    "name": "Require(2) node_modules/egg-jsonp/config/config.default.js",
    "start": 1552394087542,
    "end": 1552394087542,
    "duration": 0,
    "pid": 8412,
    "index": 5
  },
  {
    "name": "Require(3) node_modules/egg-onerror/config/config.default.js",
    "start": 1552394087543,
    "end": 1552394087544,
    "duration": 1,
    "pid": 8412,
    "index": 6
  },
  {
    "name": "Require(4) node_modules/egg-i18n/config/config.default.js",
    "start": 1552394087544,
    "end": 1552394087545,
    "duration": 1,
    "pid": 8412,
    "index": 7
  },
  {
    "name": "Require(5) node_modules/egg-watcher/config/config.default.js",
    "start": 1552394087545,
    "end": 1552394087546,
    "duration": 1,
    "pid": 8412,
    "index": 8
  },
  {
    "name": "Require(6) node_modules/egg-schedule/config/config.default.js",
    "start": 1552394087546,
    "end": 1552394087547,
    "duration": 1,
    "pid": 8412,
    "index": 9
  },
  {
    "name": "Require(7) node_modules/egg-multipart/config/config.default.js",
    "start": 1552394087548,
    "end": 1552394087549,
    "duration": 1,
    "pid": 8412,
    "index": 10
  },
  {
    "name": "Require(8) node_modules/egg-development/config/config.default.js",
    "start": 1552394087550,
    "end": 1552394087550,
    "duration": 0,
    "pid": 8412,
    "index": 11
  },
  {
    "name": "Require(9) node_modules/egg-logrotator/config/config.default.js",
    "start": 1552394087551,
    "end": 1552394087551,
    "duration": 0,
    "pid": 8412,
    "index": 12
  },
  {
    "name": "Require(10) node_modules/egg-static/config/config.default.js",
    "start": 1552394087552,
    "end": 1552394087553,
    "duration": 1,
    "pid": 8412,
    "index": 13
  },
  {
    "name": "Require(11) node_modules/egg-view/config/config.default.js",
    "start": 1552394087553,
    "end": 1552394087554,
    "duration": 1,
    "pid": 8412,
    "index": 14
  },
  {
    "name": "Require(12) node_modules/egg-cors/config/config.default.js",
    "start": 1552394087554,
    "end": 1552394087555,
    "duration": 1,
    "pid": 8412,
    "index": 15
  },
  {
    "name": "Require(13) node_modules/egg/config/config.default.js",
    "start": 1552394087555,
    "end": 1552394087556,
    "duration": 1,
    "pid": 8412,
    "index": 16
  },
  {
    "name": "Require(14) config/config.default.js",
    "start": 1552394087559,
    "end": 1552394087559,
    "duration": 0,
    "pid": 8412,
    "index": 17
  },
  {
    "name": "Require(15) node_modules/egg-watcher/config/config.local.js",
    "start": 1552394087561,
    "end": 1552394087562,
    "duration": 1,
    "pid": 8412,
    "index": 18
  },
  {
    "name": "Require(16) node_modules/egg-view/config/config.local.js",
    "start": 1552394087563,
    "end": 1552394087564,
    "duration": 1,
    "pid": 8412,
    "index": 19
  },
  {
    "name": "Require(17) node_modules/egg/config/config.local.js",
    "start": 1552394087565,
    "end": 1552394087566,
    "duration": 1,
    "pid": 8412,
    "index": 20
  },
  {
    "name": "Load extend/application.js",
    "start": 1552394087568,
    "end": 1552394087579,
    "duration": 11,
    "pid": 8412,
    "index": 21
  },
  {
    "name": "Require(18) node_modules/egg-session/app/extend/application.js",
    "start": 1552394087568,
    "end": 1552394087569,
    "duration": 1,
    "pid": 8412,
    "index": 22
  },
  {
    "name": "Require(19) node_modules/egg-jsonp/app/extend/application.js",
    "start": 1552394087569,
    "end": 1552394087571,
    "duration": 2,
    "pid": 8412,
    "index": 23
  },
  {
    "name": "Require(20) node_modules/egg-logrotator/app/extend/application.js",
    "start": 1552394087572,
    "end": 1552394087574,
    "duration": 2,
    "pid": 8412,
    "index": 24
  },
  {
    "name": "Require(21) node_modules/egg-view/app/extend/application.js",
    "start": 1552394087575,
    "end": 1552394087577,
    "duration": 2,
    "pid": 8412,
    "index": 25
  },
  {
    "name": "Load extend/request.js",
    "start": 1552394087579,
    "end": 1552394087585,
    "duration": 6,
    "pid": 8412,
    "index": 26
  },
  {
    "name": "Require(22) node_modules/egg/app/extend/request.js",
    "start": 1552394087581,
    "end": 1552394087583,
    "duration": 2,
    "pid": 8412,
    "index": 27
  },
  {
    "name": "Load extend/response.js",
    "start": 1552394087586,
    "end": 1552394087593,
    "duration": 7,
    "pid": 8412,
    "index": 28
  },
  {
    "name": "Require(23) node_modules/egg/app/extend/response.js",
    "start": 1552394087588,
    "end": 1552394087590,
    "duration": 2,
    "pid": 8412,
    "index": 29
  },
  {
    "name": "Load extend/context.js",
    "start": 1552394087593,
    "end": 1552394087680,
    "duration": 87,
    "pid": 8412,
    "index": 30
  },
  {
    "name": "Require(24) node_modules/egg-jsonp/app/extend/context.js",
    "start": 1552394087594,
    "end": 1552394087596,
    "duration": 2,
    "pid": 8412,
    "index": 31
  },
  {
    "name": "Require(25) node_modules/egg-i18n/app/extend/context.js",
    "start": 1552394087597,
    "end": 1552394087599,
    "duration": 2,
    "pid": 8412,
    "index": 32
  },
  {
    "name": "Require(26) node_modules/egg-multipart/app/extend/context.js",
    "start": 1552394087600,
    "end": 1552394087672,
    "duration": 72,
    "pid": 8412,
    "index": 33
  },
  {
    "name": "Require(27) node_modules/egg-view/app/extend/context.js",
    "start": 1552394087672,
    "end": 1552394087674,
    "duration": 2,
    "pid": 8412,
    "index": 34
  },
  {
    "name": "Require(28) node_modules/egg/app/extend/context.js",
    "start": 1552394087675,
    "end": 1552394087677,
    "duration": 2,
    "pid": 8412,
    "index": 35
  },
  {
    "name": "Load extend/helper.js",
    "start": 1552394087680,
    "end": 1552394087688,
    "duration": 8,
    "pid": 8412,
    "index": 36
  },
  {
    "name": "Require(29) node_modules/egg/app/extend/helper.js",
    "start": 1552394087684,
    "end": 1552394087685,
    "duration": 1,
    "pid": 8412,
    "index": 37
  },
  {
    "name": "Load app.js",
    "start": 1552394087688,
    "end": 1552394087752,
    "duration": 64,
    "pid": 8412,
    "index": 38
  },
  {
    "name": "Require(30) node_modules/egg-session/app.js",
    "start": 1552394087688,
    "end": 1552394087689,
    "duration": 1,
    "pid": 8412,
    "index": 39
  },
  {
    "name": "Require(31) node_modules/egg-onerror/app.js",
    "start": 1552394087690,
    "end": 1552394087708,
    "duration": 18,
    "pid": 8412,
    "index": 40
  },
  {
    "name": "Require(32) node_modules/egg-i18n/app.js",
    "start": 1552394087709,
    "end": 1552394087735,
    "duration": 26,
    "pid": 8412,
    "index": 41
  },
  {
    "name": "Require(33) node_modules/egg-watcher/app.js",
    "start": 1552394087735,
    "end": 1552394087741,
    "duration": 6,
    "pid": 8412,
    "index": 42
  },
  {
    "name": "Require(34) node_modules/egg-schedule/app.js",
    "start": 1552394087741,
    "end": 1552394087743,
    "duration": 2,
    "pid": 8412,
    "index": 43
  },
  {
    "name": "Require(35) node_modules/egg-multipart/app.js",
    "start": 1552394087743,
    "end": 1552394087747,
    "duration": 4,
    "pid": 8412,
    "index": 44
  },
  {
    "name": "Require(36) node_modules/egg-development/app.js",
    "start": 1552394087747,
    "end": 1552394087748,
    "duration": 1,
    "pid": 8412,
    "index": 45
  },
  {
    "name": "Require(37) node_modules/egg-logrotator/app.js",
    "start": 1552394087748,
    "end": 1552394087749,
    "duration": 1,
    "pid": 8412,
    "index": 46
  },
  {
    "name": "Require(38) node_modules/egg-static/app.js",
    "start": 1552394087749,
    "end": 1552394087750,
    "duration": 1,
    "pid": 8412,
    "index": 47
  },
  {
    "name": "Require(39) node_modules/egg-cors/app.js",
    "start": 1552394087751,
    "end": 1552394087751,
    "duration": 0,
    "pid": 8412,
    "index": 48
  },
  {
    "name": "Before Start in node_modules/egg-watcher/lib/init.js:15:14",
    "start": 1552394087768,
    "end": 1552394087995,
    "duration": 227,
    "pid": 8412,
    "index": 49
  },
  {
    "name": "Load Service",
    "start": 1552394087818,
    "end": 1552394087828,
    "duration": 10,
    "pid": 8412,
    "index": 50
  },
  {
    "name": "Load \"service\" to Context",
    "start": 1552394087818,
    "end": 1552394087828,
    "duration": 10,
    "pid": 8412,
    "index": 51
  },
  {
    "name": "Load Middleware",
    "start": 1552394087829,
    "end": 1552394087954,
    "duration": 125,
    "pid": 8412,
    "index": 52
  },
  {
    "name": "Load \"middlewares\" to Application",
    "start": 1552394087829,
    "end": 1552394087950,
    "duration": 121,
    "pid": 8412,
    "index": 53
  },
  {
    "name": "Load Controller",
    "start": 1552394087954,
    "end": 1552394087962,
    "duration": 8,
    "pid": 8412,
    "index": 54
  },
  {
    "name": "Load \"controller\" to Application",
    "start": 1552394087954,
    "end": 1552394087962,
    "duration": 8,
    "pid": 8412,
    "index": 55
  },
  {
    "name": "Load Router",
    "start": 1552394087963,
    "end": 1552394087969,
    "duration": 6,
    "pid": 8412,
    "index": 56
  },
  {
    "name": "Require(40) app/router.js",
    "start": 1552394087965,
    "end": 1552394087966,
    "duration": 1,
    "pid": 8412,
    "index": 57
  },
  {
    "name": "Before Start in node_modules/egg-core/lib/egg.js:287:10",
    "start": 1552394087966,
    "end": 1552394087980,
    "duration": 14,
    "pid": 8412,
    "index": 58
  }
]