[
  {
    "name": "Application Start",
    "start": 1552393432657,
    "end": 1552393433091,
    "duration": 434,
    "pid": 16216,
    "index": 0
  },
  {
    "name": "Load Plugin",
    "start": 1552393432665,
    "end": 1552393432688,
    "duration": 23,
    "pid": 16216,
    "index": 1
  },
  {
    "name": "Load Config",
    "start": 1552393432688,
    "end": 1552393432714,
    "duration": 26,
    "pid": 16216,
    "index": 2
  },
  {
    "name": "Require(0) config/config.default.js",
    "start": 1552393432689,
    "end": 1552393432690,
    "duration": 1,
    "pid": 16216,
    "index": 3
  },
  {
    "name": "Require(1) node_modules/egg-session/config/config.default.js",
    "start": 1552393432692,
    "end": 1552393432693,
    "duration": 1,
    "pid": 16216,
    "index": 4
  },
  {
    "name": "Require(2) node_modules/egg-jsonp/config/config.default.js",
    "start": 1552393432694,
    "end": 1552393432695,
    "duration": 1,
    "pid": 16216,
    "index": 5
  },
  {
    "name": "Require(3) node_modules/egg-onerror/config/config.default.js",
    "start": 1552393432695,
    "end": 1552393432696,
    "duration": 1,
    "pid": 16216,
    "index": 6
  },
  {
    "name": "Require(4) node_modules/egg-i18n/config/config.default.js",
    "start": 1552393432697,
    "end": 1552393432698,
    "duration": 1,
    "pid": 16216,
    "index": 7
  },
  {
    "name": "Require(5) node_modules/egg-watcher/config/config.default.js",
    "start": 1552393432698,
    "end": 1552393432699,
    "duration": 1,
    "pid": 16216,
    "index": 8
  },
  {
    "name": "Require(6) node_modules/egg-schedule/config/config.default.js",
    "start": 1552393432700,
    "end": 1552393432700,
    "duration": 0,
    "pid": 16216,
    "index": 9
  },
  {
    "name": "Require(7) node_modules/egg-multipart/config/config.default.js",
    "start": 1552393432701,
    "end": 1552393432702,
    "duration": 1,
    "pid": 16216,
    "index": 10
  },
  {
    "name": "Require(8) node_modules/egg-development/config/config.default.js",
    "start": 1552393432702,
    "end": 1552393432703,
    "duration": 1,
    "pid": 16216,
    "index": 11
  },
  {
    "name": "Require(9) node_modules/egg-logrotator/config/config.default.js",
    "start": 1552393432703,
    "end": 1552393432704,
    "duration": 1,
    "pid": 16216,
    "index": 12
  },
  {
    "name": "Require(10) node_modules/egg-static/config/config.default.js",
    "start": 1552393432704,
    "end": 1552393432705,
    "duration": 1,
    "pid": 16216,
    "index": 13
  },
  {
    "name": "Require(11) node_modules/egg-view/config/config.default.js",
    "start": 1552393432705,
    "end": 1552393432706,
    "duration": 1,
    "pid": 16216,
    "index": 14
  },
  {
    "name": "Require(12) node_modules/egg-cors/config/config.default.js",
    "start": 1552393432706,
    "end": 1552393432707,
    "duration": 1,
    "pid": 16216,
    "index": 15
  },
  {
    "name": "Require(13) node_modules/egg/config/config.default.js",
    "start": 1552393432707,
    "end": 1552393432708,
    "duration": 1,
    "pid": 16216,
    "index": 16
  },
  {
    "name": "Require(14) config/config.default.js",
    "start": 1552393432710,
    "end": 1552393432710,
    "duration": 0,
    "pid": 16216,
    "index": 17
  },
  {
    "name": "Require(15) node_modules/egg-watcher/config/config.local.js",
    "start": 1552393432711,
    "end": 1552393432711,
    "duration": 0,
    "pid": 16216,
    "index": 18
  },
  {
    "name": "Require(16) node_modules/egg-view/config/config.local.js",
    "start": 1552393432712,
    "end": 1552393432713,
    "duration": 1,
    "pid": 16216,
    "index": 19
  },
  {
    "name": "Require(17) node_modules/egg/config/config.local.js",
    "start": 1552393432713,
    "end": 1552393432714,
    "duration": 1,
    "pid": 16216,
    "index": 20
  },
  {
    "name": "Load extend/application.js",
    "start": 1552393432716,
    "end": 1552393432728,
    "duration": 12,
    "pid": 16216,
    "index": 21
  },
  {
    "name": "Require(18) node_modules/egg-session/app/extend/application.js",
    "start": 1552393432716,
    "end": 1552393432717,
    "duration": 1,
    "pid": 16216,
    "index": 22
  },
  {
    "name": "Require(19) node_modules/egg-jsonp/app/extend/application.js",
    "start": 1552393432718,
    "end": 1552393432720,
    "duration": 2,
    "pid": 16216,
    "index": 23
  },
  {
    "name": "Require(20) node_modules/egg-logrotator/app/extend/application.js",
    "start": 1552393432721,
    "end": 1552393432723,
    "duration": 2,
    "pid": 16216,
    "index": 24
  },
  {
    "name": "Require(21) node_modules/egg-view/app/extend/application.js",
    "start": 1552393432724,
    "end": 1552393432726,
    "duration": 2,
    "pid": 16216,
    "index": 25
  },
  {
    "name": "Load extend/request.js",
    "start": 1552393432728,
    "end": 1552393432733,
    "duration": 5,
    "pid": 16216,
    "index": 26
  },
  {
    "name": "Require(22) node_modules/egg/app/extend/request.js",
    "start": 1552393432729,
    "end": 1552393432731,
    "duration": 2,
    "pid": 16216,
    "index": 27
  },
  {
    "name": "Load extend/response.js",
    "start": 1552393432733,
    "end": 1552393432739,
    "duration": 6,
    "pid": 16216,
    "index": 28
  },
  {
    "name": "Require(23) node_modules/egg/app/extend/response.js",
    "start": 1552393432735,
    "end": 1552393432737,
    "duration": 2,
    "pid": 16216,
    "index": 29
  },
  {
    "name": "Load extend/context.js",
    "start": 1552393432739,
    "end": 1552393432804,
    "duration": 65,
    "pid": 16216,
    "index": 30
  },
  {
    "name": "Require(24) node_modules/egg-jsonp/app/extend/context.js",
    "start": 1552393432739,
    "end": 1552393432741,
    "duration": 2,
    "pid": 16216,
    "index": 31
  },
  {
    "name": "Require(25) node_modules/egg-i18n/app/extend/context.js",
    "start": 1552393432742,
    "end": 1552393432744,
    "duration": 2,
    "pid": 16216,
    "index": 32
  },
  {
    "name": "Require(26) node_modules/egg-multipart/app/extend/context.js",
    "start": 1552393432745,
    "end": 1552393432796,
    "duration": 51,
    "pid": 16216,
    "index": 33
  },
  {
    "name": "Require(27) node_modules/egg-view/app/extend/context.js",
    "start": 1552393432797,
    "end": 1552393432799,
    "duration": 2,
    "pid": 16216,
    "index": 34
  },
  {
    "name": "Require(28) node_modules/egg/app/extend/context.js",
    "start": 1552393432799,
    "end": 1552393432801,
    "duration": 2,
    "pid": 16216,
    "index": 35
  },
  {
    "name": "Load extend/helper.js",
    "start": 1552393432804,
    "end": 1552393432808,
    "duration": 4,
    "pid": 16216,
    "index": 36
  },
  {
    "name": "Require(29) node_modules/egg/app/extend/helper.js",
    "start": 1552393432806,
    "end": 1552393432806,
    "duration": 0,
    "pid": 16216,
    "index": 37
  },
  {
    "name": "Load app.js",
    "start": 1552393432808,
    "end": 1552393432859,
    "duration": 51,
    "pid": 16216,
    "index": 38
  },
  {
    "name": "Require(30) node_modules/egg-session/app.js",
    "start": 1552393432809,
    "end": 1552393432809,
    "duration": 0,
    "pid": 16216,
    "index": 39
  },
  {
    "name": "Require(31) node_modules/egg-onerror/app.js",
    "start": 1552393432810,
    "end": 1552393432824,
    "duration": 14,
    "pid": 16216,
    "index": 40
  },
  {
    "name": "Require(32) node_modules/egg-i18n/app.js",
    "start": 1552393432825,
    "end": 1552393432844,
    "duration": 19,
    "pid": 16216,
    "index": 41
  },
  {
    "name": "Require(33) node_modules/egg-watcher/app.js",
    "start": 1552393432845,
    "end": 1552393432849,
    "duration": 4,
    "pid": 16216,
    "index": 42
  },
  {
    "name": "Require(34) node_modules/egg-schedule/app.js",
    "start": 1552393432850,
    "end": 1552393432852,
    "duration": 2,
    "pid": 16216,
    "index": 43
  },
  {
    "name": "Require(35) node_modules/egg-multipart/app.js",
    "start": 1552393432853,
    "end": 1552393432855,
    "duration": 2,
    "pid": 16216,
    "index": 44
  },
  {
    "name": "Require(36) node_modules/egg-development/app.js",
    "start": 1552393432855,
    "end": 1552393432856,
    "duration": 1,
    "pid": 16216,
    "index": 45
  },
  {
    "name": "Require(37) node_modules/egg-logrotator/app.js",
    "start": 1552393432856,
    "end": 1552393432856,
    "duration": 0,
    "pid": 16216,
    "index": 46
  },
  {
    "name": "Require(38) node_modules/egg-static/app.js",
    "start": 1552393432857,
    "end": 1552393432857,
    "duration": 0,
    "pid": 16216,
    "index": 47
  },
  {
    "name": "Require(39) node_modules/egg-cors/app.js",
    "start": 1552393432859,
    "end": 1552393432859,
    "duration": 0,
    "pid": 16216,
    "index": 48
  },
  {
    "name": "Before Start in node_modules/egg-watcher/lib/init.js:15:14",
    "start": 1552393432874,
    "end": 1552393433091,
    "duration": 217,
    "pid": 16216,
    "index": 49
  },
  {
    "name": "Load Service",
    "start": 1552393432920,
    "end": 1552393432927,
    "duration": 7,
    "pid": 16216,
    "index": 50
  },
  {
    "name": "Load \"service\" to Context",
    "start": 1552393432920,
    "end": 1552393432927,
    "duration": 7,
    "pid": 16216,
    "index": 51
  },
  {
    "name": "Load Middleware",
    "start": 1552393432927,
    "end": 1552393433052,
    "duration": 125,
    "pid": 16216,
    "index": 52
  },
  {
    "name": "Load \"middlewares\" to Application",
    "start": 1552393432927,
    "end": 1552393433048,
    "duration": 121,
    "pid": 16216,
    "index": 53
  },
  {
    "name": "Load Controller",
    "start": 1552393433052,
    "end": 1552393433062,
    "duration": 10,
    "pid": 16216,
    "index": 54
  },
  {
    "name": "Load \"controller\" to Application",
    "start": 1552393433052,
    "end": 1552393433062,
    "duration": 10,
    "pid": 16216,
    "index": 55
  },
  {
    "name": "Load Router",
    "start": 1552393433062,
    "end": 1552393433067,
    "duration": 5,
    "pid": 16216,
    "index": 56
  },
  {
    "name": "Require(40) app/router.js",
    "start": 1552393433063,
    "end": 1552393433064,
    "duration": 1,
    "pid": 16216,
    "index": 57
  },
  {
    "name": "Before Start in node_modules/egg-core/lib/egg.js:287:10",
    "start": 1552393433065,
    "end": 1552393433079,
    "duration": 14,
    "pid": 16216,
    "index": 58
  }
]