[
  {
    "name": "Application Start",
    "start": 1552392967233,
    "end": 1552392967669,
    "duration": 436,
    "pid": 20504,
    "index": 0
  },
  {
    "name": "Load Plugin",
    "start": 1552392967240,
    "end": 1552392967264,
    "duration": 24,
    "pid": 20504,
    "index": 1
  },
  {
    "name": "Load Config",
    "start": 1552392967264,
    "end": 1552392967296,
    "duration": 32,
    "pid": 20504,
    "index": 2
  },
  {
    "name": "Require(0) config/config.default.js",
    "start": 1552392967265,
    "end": 1552392967266,
    "duration": 1,
    "pid": 20504,
    "index": 3
  },
  {
    "name": "Require(1) node_modules/egg-session/config/config.default.js",
    "start": 1552392967268,
    "end": 1552392967269,
    "duration": 1,
    "pid": 20504,
    "index": 4
  },
  {
    "name": "Require(2) node_modules/egg-jsonp/config/config.default.js",
    "start": 1552392967270,
    "end": 1552392967272,
    "duration": 2,
    "pid": 20504,
    "index": 5
  },
  {
    "name": "Require(3) node_modules/egg-onerror/config/config.default.js",
    "start": 1552392967273,
    "end": 1552392967274,
    "duration": 1,
    "pid": 20504,
    "index": 6
  },
  {
    "name": "Require(4) node_modules/egg-i18n/config/config.default.js",
    "start": 1552392967274,
    "end": 1552392967275,
    "duration": 1,
    "pid": 20504,
    "index": 7
  },
  {
    "name": "Require(5) node_modules/egg-watcher/config/config.default.js",
    "start": 1552392967276,
    "end": 1552392967277,
    "duration": 1,
    "pid": 20504,
    "index": 8
  },
  {
    "name": "Require(6) node_modules/egg-schedule/config/config.default.js",
    "start": 1552392967277,
    "end": 1552392967278,
    "duration": 1,
    "pid": 20504,
    "index": 9
  },
  {
    "name": "Require(7) node_modules/egg-multipart/config/config.default.js",
    "start": 1552392967279,
    "end": 1552392967281,
    "duration": 2,
    "pid": 20504,
    "index": 10
  },
  {
    "name": "Require(8) node_modules/egg-development/config/config.default.js",
    "start": 1552392967282,
    "end": 1552392967282,
    "duration": 0,
    "pid": 20504,
    "index": 11
  },
  {
    "name": "Require(9) node_modules/egg-logrotator/config/config.default.js",
    "start": 1552392967283,
    "end": 1552392967283,
    "duration": 0,
    "pid": 20504,
    "index": 12
  },
  {
    "name": "Require(10) node_modules/egg-static/config/config.default.js",
    "start": 1552392967284,
    "end": 1552392967284,
    "duration": 0,
    "pid": 20504,
    "index": 13
  },
  {
    "name": "Require(11) node_modules/egg-view/config/config.default.js",
    "start": 1552392967285,
    "end": 1552392967286,
    "duration": 1,
    "pid": 20504,
    "index": 14
  },
  {
    "name": "Require(12) node_modules/egg-cors/config/config.default.js",
    "start": 1552392967286,
    "end": 1552392967287,
    "duration": 1,
    "pid": 20504,
    "index": 15
  },
  {
    "name": "Require(13) node_modules/egg/config/config.default.js",
    "start": 1552392967287,
    "end": 1552392967288,
    "duration": 1,
    "pid": 20504,
    "index": 16
  },
  {
    "name": "Require(14) config/config.default.js",
    "start": 1552392967291,
    "end": 1552392967291,
    "duration": 0,
    "pid": 20504,
    "index": 17
  },
  {
    "name": "Require(15) node_modules/egg-watcher/config/config.local.js",
    "start": 1552392967292,
    "end": 1552392967292,
    "duration": 0,
    "pid": 20504,
    "index": 18
  },
  {
    "name": "Require(16) node_modules/egg-view/config/config.local.js",
    "start": 1552392967294,
    "end": 1552392967294,
    "duration": 0,
    "pid": 20504,
    "index": 19
  },
  {
    "name": "Require(17) node_modules/egg/config/config.local.js",
    "start": 1552392967295,
    "end": 1552392967296,
    "duration": 1,
    "pid": 20504,
    "index": 20
  },
  {
    "name": "Load extend/application.js",
    "start": 1552392967298,
    "end": 1552392967310,
    "duration": 12,
    "pid": 20504,
    "index": 21
  },
  {
    "name": "Require(18) node_modules/egg-session/app/extend/application.js",
    "start": 1552392967299,
    "end": 1552392967299,
    "duration": 0,
    "pid": 20504,
    "index": 22
  },
  {
    "name": "Require(19) node_modules/egg-jsonp/app/extend/application.js",
    "start": 1552392967300,
    "end": 1552392967302,
    "duration": 2,
    "pid": 20504,
    "index": 23
  },
  {
    "name": "Require(20) node_modules/egg-logrotator/app/extend/application.js",
    "start": 1552392967303,
    "end": 1552392967305,
    "duration": 2,
    "pid": 20504,
    "index": 24
  },
  {
    "name": "Require(21) node_modules/egg-view/app/extend/application.js",
    "start": 1552392967306,
    "end": 1552392967308,
    "duration": 2,
    "pid": 20504,
    "index": 25
  },
  {
    "name": "Load extend/request.js",
    "start": 1552392967310,
    "end": 1552392967315,
    "duration": 5,
    "pid": 20504,
    "index": 26
  },
  {
    "name": "Require(22) node_modules/egg/app/extend/request.js",
    "start": 1552392967312,
    "end": 1552392967313,
    "duration": 1,
    "pid": 20504,
    "index": 27
  },
  {
    "name": "Load extend/response.js",
    "start": 1552392967315,
    "end": 1552392967321,
    "duration": 6,
    "pid": 20504,
    "index": 28
  },
  {
    "name": "Require(23) node_modules/egg/app/extend/response.js",
    "start": 1552392967317,
    "end": 1552392967319,
    "duration": 2,
    "pid": 20504,
    "index": 29
  },
  {
    "name": "Load extend/context.js",
    "start": 1552392967321,
    "end": 1552392967391,
    "duration": 70,
    "pid": 20504,
    "index": 30
  },
  {
    "name": "Require(24) node_modules/egg-jsonp/app/extend/context.js",
    "start": 1552392967321,
    "end": 1552392967324,
    "duration": 3,
    "pid": 20504,
    "index": 31
  },
  {
    "name": "Require(25) node_modules/egg-i18n/app/extend/context.js",
    "start": 1552392967324,
    "end": 1552392967326,
    "duration": 2,
    "pid": 20504,
    "index": 32
  },
  {
    "name": "Require(26) node_modules/egg-multipart/app/extend/context.js",
    "start": 1552392967327,
    "end": 1552392967384,
    "duration": 57,
    "pid": 20504,
    "index": 33
  },
  {
    "name": "Require(27) node_modules/egg-view/app/extend/context.js",
    "start": 1552392967385,
    "end": 1552392967386,
    "duration": 1,
    "pid": 20504,
    "index": 34
  },
  {
    "name": "Require(28) node_modules/egg/app/extend/context.js",
    "start": 1552392967387,
    "end": 1552392967389,
    "duration": 2,
    "pid": 20504,
    "index": 35
  },
  {
    "name": "Load extend/helper.js",
    "start": 1552392967391,
    "end": 1552392967395,
    "duration": 4,
    "pid": 20504,
    "index": 36
  },
  {
    "name": "Require(29) node_modules/egg/app/extend/helper.js",
    "start": 1552392967393,
    "end": 1552392967393,
    "duration": 0,
    "pid": 20504,
    "index": 37
  },
  {
    "name": "Load app.js",
    "start": 1552392967395,
    "end": 1552392967452,
    "duration": 57,
    "pid": 20504,
    "index": 38
  },
  {
    "name": "Require(30) node_modules/egg-session/app.js",
    "start": 1552392967396,
    "end": 1552392967396,
    "duration": 0,
    "pid": 20504,
    "index": 39
  },
  {
    "name": "Require(31) node_modules/egg-onerror/app.js",
    "start": 1552392967397,
    "end": 1552392967411,
    "duration": 14,
    "pid": 20504,
    "index": 40
  },
  {
    "name": "Require(32) node_modules/egg-i18n/app.js",
    "start": 1552392967411,
    "end": 1552392967436,
    "duration": 25,
    "pid": 20504,
    "index": 41
  },
  {
    "name": "Require(33) node_modules/egg-watcher/app.js",
    "start": 1552392967436,
    "end": 1552392967442,
    "duration": 6,
    "pid": 20504,
    "index": 42
  },
  {
    "name": "Require(34) node_modules/egg-schedule/app.js",
    "start": 1552392967442,
    "end": 1552392967444,
    "duration": 2,
    "pid": 20504,
    "index": 43
  },
  {
    "name": "Require(35) node_modules/egg-multipart/app.js",
    "start": 1552392967444,
    "end": 1552392967448,
    "duration": 4,
    "pid": 20504,
    "index": 44
  },
  {
    "name": "Require(36) node_modules/egg-development/app.js",
    "start": 1552392967448,
    "end": 1552392967449,
    "duration": 1,
    "pid": 20504,
    "index": 45
  },
  {
    "name": "Require(37) node_modules/egg-logrotator/app.js",
    "start": 1552392967449,
    "end": 1552392967449,
    "duration": 0,
    "pid": 20504,
    "index": 46
  },
  {
    "name": "Require(38) node_modules/egg-static/app.js",
    "start": 1552392967449,
    "end": 1552392967450,
    "duration": 1,
    "pid": 20504,
    "index": 47
  },
  {
    "name": "Require(39) node_modules/egg-cors/app.js",
    "start": 1552392967450,
    "end": 1552392967451,
    "duration": 1,
    "pid": 20504,
    "index": 48
  },
  {
    "name": "Before Start in node_modules/egg-watcher/lib/init.js:15:14",
    "start": 1552392967466,
    "end": 1552392967668,
    "duration": 202,
    "pid": 20504,
    "index": 49
  },
  {
    "name": "Load Service",
    "start": 1552392967513,
    "end": 1552392967521,
    "duration": 8,
    "pid": 20504,
    "index": 50
  },
  {
    "name": "Load \"service\" to Context",
    "start": 1552392967513,
    "end": 1552392967521,
    "duration": 8,
    "pid": 20504,
    "index": 51
  },
  {
    "name": "Load Middleware",
    "start": 1552392967521,
    "end": 1552392967636,
    "duration": 115,
    "pid": 20504,
    "index": 52
  },
  {
    "name": "Load \"middlewares\" to Application",
    "start": 1552392967521,
    "end": 1552392967630,
    "duration": 109,
    "pid": 20504,
    "index": 53
  },
  {
    "name": "Load Controller",
    "start": 1552392967636,
    "end": 1552392967644,
    "duration": 8,
    "pid": 20504,
    "index": 54
  },
  {
    "name": "Load \"controller\" to Application",
    "start": 1552392967636,
    "end": 1552392967644,
    "duration": 8,
    "pid": 20504,
    "index": 55
  },
  {
    "name": "Load Router",
    "start": 1552392967644,
    "end": 1552392967647,
    "duration": 3,
    "pid": 20504,
    "index": 56
  },
  {
    "name": "Require(40) app/router.js",
    "start": 1552392967644,
    "end": 1552392967645,
    "duration": 1,
    "pid": 20504,
    "index": 57
  },
  {
    "name": "Before Start in node_modules/egg-core/lib/egg.js:287:10",
    "start": 1552392967645,
    "end": 1552392967657,
    "duration": 12,
    "pid": 20504,
    "index": 58
  }
]