[
  {
    "name": "Application Start",
    "start": 1552393391987,
    "end": 1552393392429,
    "duration": 442,
    "pid": 22924,
    "index": 0
  },
  {
    "name": "Load Plugin",
    "start": 1552393391994,
    "end": 1552393392016,
    "duration": 22,
    "pid": 22924,
    "index": 1
  },
  {
    "name": "Load Config",
    "start": 1552393392016,
    "end": 1552393392039,
    "duration": 23,
    "pid": 22924,
    "index": 2
  },
  {
    "name": "Require(0) config/config.default.js",
    "start": 1552393392017,
    "end": 1552393392018,
    "duration": 1,
    "pid": 22924,
    "index": 3
  },
  {
    "name": "Require(1) node_modules/egg-session/config/config.default.js",
    "start": 1552393392019,
    "end": 1552393392020,
    "duration": 1,
    "pid": 22924,
    "index": 4
  },
  {
    "name": "Require(2) node_modules/egg-jsonp/config/config.default.js",
    "start": 1552393392020,
    "end": 1552393392021,
    "duration": 1,
    "pid": 22924,
    "index": 5
  },
  {
    "name": "Require(3) node_modules/egg-onerror/config/config.default.js",
    "start": 1552393392022,
    "end": 1552393392022,
    "duration": 0,
    "pid": 22924,
    "index": 6
  },
  {
    "name": "Require(4) node_modules/egg-i18n/config/config.default.js",
    "start": 1552393392023,
    "end": 1552393392023,
    "duration": 0,
    "pid": 22924,
    "index": 7
  },
  {
    "name": "Require(5) node_modules/egg-watcher/config/config.default.js",
    "start": 1552393392024,
    "end": 1552393392024,
    "duration": 0,
    "pid": 22924,
    "index": 8
  },
  {
    "name": "Require(6) node_modules/egg-schedule/config/config.default.js",
    "start": 1552393392025,
    "end": 1552393392025,
    "duration": 0,
    "pid": 22924,
    "index": 9
  },
  {
    "name": "Require(7) node_modules/egg-multipart/config/config.default.js",
    "start": 1552393392026,
    "end": 1552393392026,
    "duration": 0,
    "pid": 22924,
    "index": 10
  },
  {
    "name": "Require(8) node_modules/egg-development/config/config.default.js",
    "start": 1552393392027,
    "end": 1552393392028,
    "duration": 1,
    "pid": 22924,
    "index": 11
  },
  {
    "name": "Require(9) node_modules/egg-logrotator/config/config.default.js",
    "start": 1552393392028,
    "end": 1552393392029,
    "duration": 1,
    "pid": 22924,
    "index": 12
  },
  {
    "name": "Require(10) node_modules/egg-static/config/config.default.js",
    "start": 1552393392029,
    "end": 1552393392030,
    "duration": 1,
    "pid": 22924,
    "index": 13
  },
  {
    "name": "Require(11) node_modules/egg-view/config/config.default.js",
    "start": 1552393392030,
    "end": 1552393392031,
    "duration": 1,
    "pid": 22924,
    "index": 14
  },
  {
    "name": "Require(12) node_modules/egg-cors/config/config.default.js",
    "start": 1552393392031,
    "end": 1552393392032,
    "duration": 1,
    "pid": 22924,
    "index": 15
  },
  {
    "name": "Require(13) node_modules/egg/config/config.default.js",
    "start": 1552393392032,
    "end": 1552393392033,
    "duration": 1,
    "pid": 22924,
    "index": 16
  },
  {
    "name": "Require(14) config/config.default.js",
    "start": 1552393392035,
    "end": 1552393392035,
    "duration": 0,
    "pid": 22924,
    "index": 17
  },
  {
    "name": "Require(15) node_modules/egg-watcher/config/config.local.js",
    "start": 1552393392036,
    "end": 1552393392037,
    "duration": 1,
    "pid": 22924,
    "index": 18
  },
  {
    "name": "Require(16) node_modules/egg-view/config/config.local.js",
    "start": 1552393392038,
    "end": 1552393392038,
    "duration": 0,
    "pid": 22924,
    "index": 19
  },
  {
    "name": "Require(17) node_modules/egg/config/config.local.js",
    "start": 1552393392039,
    "end": 1552393392039,
    "duration": 0,
    "pid": 22924,
    "index": 20
  },
  {
    "name": "Load extend/application.js",
    "start": 1552393392041,
    "end": 1552393392052,
    "duration": 11,
    "pid": 22924,
    "index": 21
  },
  {
    "name": "Require(18) node_modules/egg-session/app/extend/application.js",
    "start": 1552393392042,
    "end": 1552393392042,
    "duration": 0,
    "pid": 22924,
    "index": 22
  },
  {
    "name": "Require(19) node_modules/egg-jsonp/app/extend/application.js",
    "start": 1552393392043,
    "end": 1552393392045,
    "duration": 2,
    "pid": 22924,
    "index": 23
  },
  {
    "name": "Require(20) node_modules/egg-logrotator/app/extend/application.js",
    "start": 1552393392046,
    "end": 1552393392048,
    "duration": 2,
    "pid": 22924,
    "index": 24
  },
  {
    "name": "Require(21) node_modules/egg-view/app/extend/application.js",
    "start": 1552393392048,
    "end": 1552393392050,
    "duration": 2,
    "pid": 22924,
    "index": 25
  },
  {
    "name": "Load extend/request.js",
    "start": 1552393392052,
    "end": 1552393392058,
    "duration": 6,
    "pid": 22924,
    "index": 26
  },
  {
    "name": "Require(22) node_modules/egg/app/extend/request.js",
    "start": 1552393392054,
    "end": 1552393392056,
    "duration": 2,
    "pid": 22924,
    "index": 27
  },
  {
    "name": "Load extend/response.js",
    "start": 1552393392058,
    "end": 1552393392063,
    "duration": 5,
    "pid": 22924,
    "index": 28
  },
  {
    "name": "Require(23) node_modules/egg/app/extend/response.js",
    "start": 1552393392059,
    "end": 1552393392061,
    "duration": 2,
    "pid": 22924,
    "index": 29
  },
  {
    "name": "Load extend/context.js",
    "start": 1552393392063,
    "end": 1552393392132,
    "duration": 69,
    "pid": 22924,
    "index": 30
  },
  {
    "name": "Require(24) node_modules/egg-jsonp/app/extend/context.js",
    "start": 1552393392064,
    "end": 1552393392067,
    "duration": 3,
    "pid": 22924,
    "index": 31
  },
  {
    "name": "Require(25) node_modules/egg-i18n/app/extend/context.js",
    "start": 1552393392067,
    "end": 1552393392070,
    "duration": 3,
    "pid": 22924,
    "index": 32
  },
  {
    "name": "Require(26) node_modules/egg-multipart/app/extend/context.js",
    "start": 1552393392071,
    "end": 1552393392123,
    "duration": 52,
    "pid": 22924,
    "index": 33
  },
  {
    "name": "Require(27) node_modules/egg-view/app/extend/context.js",
    "start": 1552393392124,
    "end": 1552393392126,
    "duration": 2,
    "pid": 22924,
    "index": 34
  },
  {
    "name": "Require(28) node_modules/egg/app/extend/context.js",
    "start": 1552393392126,
    "end": 1552393392129,
    "duration": 3,
    "pid": 22924,
    "index": 35
  },
  {
    "name": "Load extend/helper.js",
    "start": 1552393392132,
    "end": 1552393392137,
    "duration": 5,
    "pid": 22924,
    "index": 36
  },
  {
    "name": "Require(29) node_modules/egg/app/extend/helper.js",
    "start": 1552393392135,
    "end": 1552393392135,
    "duration": 0,
    "pid": 22924,
    "index": 37
  },
  {
    "name": "Load app.js",
    "start": 1552393392139,
    "end": 1552393392201,
    "duration": 62,
    "pid": 22924,
    "index": 38
  },
  {
    "name": "Require(30) node_modules/egg-session/app.js",
    "start": 1552393392139,
    "end": 1552393392139,
    "duration": 0,
    "pid": 22924,
    "index": 39
  },
  {
    "name": "Require(31) node_modules/egg-onerror/app.js",
    "start": 1552393392139,
    "end": 1552393392155,
    "duration": 16,
    "pid": 22924,
    "index": 40
  },
  {
    "name": "Require(32) node_modules/egg-i18n/app.js",
    "start": 1552393392155,
    "end": 1552393392183,
    "duration": 28,
    "pid": 22924,
    "index": 41
  },
  {
    "name": "Require(33) node_modules/egg-watcher/app.js",
    "start": 1552393392183,
    "end": 1552393392189,
    "duration": 6,
    "pid": 22924,
    "index": 42
  },
  {
    "name": "Require(34) node_modules/egg-schedule/app.js",
    "start": 1552393392189,
    "end": 1552393392191,
    "duration": 2,
    "pid": 22924,
    "index": 43
  },
  {
    "name": "Require(35) node_modules/egg-multipart/app.js",
    "start": 1552393392191,
    "end": 1552393392195,
    "duration": 4,
    "pid": 22924,
    "index": 44
  },
  {
    "name": "Require(36) node_modules/egg-development/app.js",
    "start": 1552393392195,
    "end": 1552393392196,
    "duration": 1,
    "pid": 22924,
    "index": 45
  },
  {
    "name": "Require(37) node_modules/egg-logrotator/app.js",
    "start": 1552393392197,
    "end": 1552393392197,
    "duration": 0,
    "pid": 22924,
    "index": 46
  },
  {
    "name": "Require(38) node_modules/egg-static/app.js",
    "start": 1552393392198,
    "end": 1552393392199,
    "duration": 1,
    "pid": 22924,
    "index": 47
  },
  {
    "name": "Require(39) node_modules/egg-cors/app.js",
    "start": 1552393392199,
    "end": 1552393392200,
    "duration": 1,
    "pid": 22924,
    "index": 48
  },
  {
    "name": "Before Start in node_modules/egg-watcher/lib/init.js:15:14",
    "start": 1552393392217,
    "end": 1552393392428,
    "duration": 211,
    "pid": 22924,
    "index": 49
  },
  {
    "name": "Load Service",
    "start": 1552393392270,
    "end": 1552393392277,
    "duration": 7,
    "pid": 22924,
    "index": 50
  },
  {
    "name": "Load \"service\" to Context",
    "start": 1552393392270,
    "end": 1552393392277,
    "duration": 7,
    "pid": 22924,
    "index": 51
  },
  {
    "name": "Load Middleware",
    "start": 1552393392277,
    "end": 1552393392393,
    "duration": 116,
    "pid": 22924,
    "index": 52
  },
  {
    "name": "Load \"middlewares\" to Application",
    "start": 1552393392278,
    "end": 1552393392389,
    "duration": 111,
    "pid": 22924,
    "index": 53
  },
  {
    "name": "Load Controller",
    "start": 1552393392393,
    "end": 1552393392403,
    "duration": 10,
    "pid": 22924,
    "index": 54
  },
  {
    "name": "Load \"controller\" to Application",
    "start": 1552393392393,
    "end": 1552393392403,
    "duration": 10,
    "pid": 22924,
    "index": 55
  },
  {
    "name": "Load Router",
    "start": 1552393392403,
    "end": 1552393392407,
    "duration": 4,
    "pid": 22924,
    "index": 56
  },
  {
    "name": "Require(40) app/router.js",
    "start": 1552393392404,
    "end": 1552393392404,
    "duration": 0,
    "pid": 22924,
    "index": 57
  },
  {
    "name": "Before Start in node_modules/egg-core/lib/egg.js:287:10",
    "start": 1552393392405,
    "end": 1552393392417,
    "duration": 12,
    "pid": 22924,
    "index": 58
  }
]