[
  {
    "name": "Application Start",
    "start": 1552392930410,
    "end": 1552392930850,
    "duration": 440,
    "pid": 1412,
    "index": 0
  },
  {
    "name": "Load Plugin",
    "start": 1552392930417,
    "end": 1552392930443,
    "duration": 26,
    "pid": 1412,
    "index": 1
  },
  {
    "name": "Load Config",
    "start": 1552392930444,
    "end": 1552392930472,
    "duration": 28,
    "pid": 1412,
    "index": 2
  },
  {
    "name": "Require(0) config/config.default.js",
    "start": 1552392930445,
    "end": 1552392930445,
    "duration": 0,
    "pid": 1412,
    "index": 3
  },
  {
    "name": "Require(1) node_modules/egg-session/config/config.default.js",
    "start": 1552392930447,
    "end": 1552392930448,
    "duration": 1,
    "pid": 1412,
    "index": 4
  },
  {
    "name": "Require(2) node_modules/egg-jsonp/config/config.default.js",
    "start": 1552392930448,
    "end": 1552392930449,
    "duration": 1,
    "pid": 1412,
    "index": 5
  },
  {
    "name": "Require(3) node_modules/egg-onerror/config/config.default.js",
    "start": 1552392930449,
    "end": 1552392930450,
    "duration": 1,
    "pid": 1412,
    "index": 6
  },
  {
    "name": "Require(4) node_modules/egg-i18n/config/config.default.js",
    "start": 1552392930450,
    "end": 1552392930451,
    "duration": 1,
    "pid": 1412,
    "index": 7
  },
  {
    "name": "Require(5) node_modules/egg-watcher/config/config.default.js",
    "start": 1552392930451,
    "end": 1552392930452,
    "duration": 1,
    "pid": 1412,
    "index": 8
  },
  {
    "name": "Require(6) node_modules/egg-schedule/config/config.default.js",
    "start": 1552392930452,
    "end": 1552392930453,
    "duration": 1,
    "pid": 1412,
    "index": 9
  },
  {
    "name": "Require(7) node_modules/egg-multipart/config/config.default.js",
    "start": 1552392930454,
    "end": 1552392930456,
    "duration": 2,
    "pid": 1412,
    "index": 10
  },
  {
    "name": "Require(8) node_modules/egg-development/config/config.default.js",
    "start": 1552392930456,
    "end": 1552392930457,
    "duration": 1,
    "pid": 1412,
    "index": 11
  },
  {
    "name": "Require(9) node_modules/egg-logrotator/config/config.default.js",
    "start": 1552392930458,
    "end": 1552392930458,
    "duration": 0,
    "pid": 1412,
    "index": 12
  },
  {
    "name": "Require(10) node_modules/egg-static/config/config.default.js",
    "start": 1552392930459,
    "end": 1552392930460,
    "duration": 1,
    "pid": 1412,
    "index": 13
  },
  {
    "name": "Require(11) node_modules/egg-view/config/config.default.js",
    "start": 1552392930461,
    "end": 1552392930461,
    "duration": 0,
    "pid": 1412,
    "index": 14
  },
  {
    "name": "Require(12) node_modules/egg-cors/config/config.default.js",
    "start": 1552392930462,
    "end": 1552392930462,
    "duration": 0,
    "pid": 1412,
    "index": 15
  },
  {
    "name": "Require(13) node_modules/egg/config/config.default.js",
    "start": 1552392930463,
    "end": 1552392930464,
    "duration": 1,
    "pid": 1412,
    "index": 16
  },
  {
    "name": "Require(14) config/config.default.js",
    "start": 1552392930466,
    "end": 1552392930466,
    "duration": 0,
    "pid": 1412,
    "index": 17
  },
  {
    "name": "Require(15) node_modules/egg-watcher/config/config.local.js",
    "start": 1552392930467,
    "end": 1552392930469,
    "duration": 2,
    "pid": 1412,
    "index": 18
  },
  {
    "name": "Require(16) node_modules/egg-view/config/config.local.js",
    "start": 1552392930470,
    "end": 1552392930471,
    "duration": 1,
    "pid": 1412,
    "index": 19
  },
  {
    "name": "Require(17) node_modules/egg/config/config.local.js",
    "start": 1552392930471,
    "end": 1552392930472,
    "duration": 1,
    "pid": 1412,
    "index": 20
  },
  {
    "name": "Load extend/application.js",
    "start": 1552392930474,
    "end": 1552392930488,
    "duration": 14,
    "pid": 1412,
    "index": 21
  },
  {
    "name": "Require(18) node_modules/egg-session/app/extend/application.js",
    "start": 1552392930475,
    "end": 1552392930477,
    "duration": 2,
    "pid": 1412,
    "index": 22
  },
  {
    "name": "Require(19) node_modules/egg-jsonp/app/extend/application.js",
    "start": 1552392930478,
    "end": 1552392930480,
    "duration": 2,
    "pid": 1412,
    "index": 23
  },
  {
    "name": "Require(20) node_modules/egg-logrotator/app/extend/application.js",
    "start": 1552392930481,
    "end": 1552392930484,
    "duration": 3,
    "pid": 1412,
    "index": 24
  },
  {
    "name": "Require(21) node_modules/egg-view/app/extend/application.js",
    "start": 1552392930484,
    "end": 1552392930486,
    "duration": 2,
    "pid": 1412,
    "index": 25
  },
  {
    "name": "Load extend/request.js",
    "start": 1552392930488,
    "end": 1552392930494,
    "duration": 6,
    "pid": 1412,
    "index": 26
  },
  {
    "name": "Require(22) node_modules/egg/app/extend/request.js",
    "start": 1552392930490,
    "end": 1552392930492,
    "duration": 2,
    "pid": 1412,
    "index": 27
  },
  {
    "name": "Load extend/response.js",
    "start": 1552392930494,
    "end": 1552392930500,
    "duration": 6,
    "pid": 1412,
    "index": 28
  },
  {
    "name": "Require(23) node_modules/egg/app/extend/response.js",
    "start": 1552392930496,
    "end": 1552392930498,
    "duration": 2,
    "pid": 1412,
    "index": 29
  },
  {
    "name": "Load extend/context.js",
    "start": 1552392930501,
    "end": 1552392930565,
    "duration": 64,
    "pid": 1412,
    "index": 30
  },
  {
    "name": "Require(24) node_modules/egg-jsonp/app/extend/context.js",
    "start": 1552392930501,
    "end": 1552392930504,
    "duration": 3,
    "pid": 1412,
    "index": 31
  },
  {
    "name": "Require(25) node_modules/egg-i18n/app/extend/context.js",
    "start": 1552392930504,
    "end": 1552392930507,
    "duration": 3,
    "pid": 1412,
    "index": 32
  },
  {
    "name": "Require(26) node_modules/egg-multipart/app/extend/context.js",
    "start": 1552392930507,
    "end": 1552392930558,
    "duration": 51,
    "pid": 1412,
    "index": 33
  },
  {
    "name": "Require(27) node_modules/egg-view/app/extend/context.js",
    "start": 1552392930558,
    "end": 1552392930560,
    "duration": 2,
    "pid": 1412,
    "index": 34
  },
  {
    "name": "Require(28) node_modules/egg/app/extend/context.js",
    "start": 1552392930560,
    "end": 1552392930562,
    "duration": 2,
    "pid": 1412,
    "index": 35
  },
  {
    "name": "Load extend/helper.js",
    "start": 1552392930565,
    "end": 1552392930570,
    "duration": 5,
    "pid": 1412,
    "index": 36
  },
  {
    "name": "Require(29) node_modules/egg/app/extend/helper.js",
    "start": 1552392930567,
    "end": 1552392930568,
    "duration": 1,
    "pid": 1412,
    "index": 37
  },
  {
    "name": "Load app.js",
    "start": 1552392930570,
    "end": 1552392930623,
    "duration": 53,
    "pid": 1412,
    "index": 38
  },
  {
    "name": "Require(30) node_modules/egg-session/app.js",
    "start": 1552392930570,
    "end": 1552392930571,
    "duration": 1,
    "pid": 1412,
    "index": 39
  },
  {
    "name": "Require(31) node_modules/egg-onerror/app.js",
    "start": 1552392930572,
    "end": 1552392930585,
    "duration": 13,
    "pid": 1412,
    "index": 40
  },
  {
    "name": "Require(32) node_modules/egg-i18n/app.js",
    "start": 1552392930585,
    "end": 1552392930608,
    "duration": 23,
    "pid": 1412,
    "index": 41
  },
  {
    "name": "Require(33) node_modules/egg-watcher/app.js",
    "start": 1552392930608,
    "end": 1552392930613,
    "duration": 5,
    "pid": 1412,
    "index": 42
  },
  {
    "name": "Require(34) node_modules/egg-schedule/app.js",
    "start": 1552392930613,
    "end": 1552392930615,
    "duration": 2,
    "pid": 1412,
    "index": 43
  },
  {
    "name": "Require(35) node_modules/egg-multipart/app.js",
    "start": 1552392930615,
    "end": 1552392930619,
    "duration": 4,
    "pid": 1412,
    "index": 44
  },
  {
    "name": "Require(36) node_modules/egg-development/app.js",
    "start": 1552392930619,
    "end": 1552392930620,
    "duration": 1,
    "pid": 1412,
    "index": 45
  },
  {
    "name": "Require(37) node_modules/egg-logrotator/app.js",
    "start": 1552392930620,
    "end": 1552392930620,
    "duration": 0,
    "pid": 1412,
    "index": 46
  },
  {
    "name": "Require(38) node_modules/egg-static/app.js",
    "start": 1552392930621,
    "end": 1552392930621,
    "duration": 0,
    "pid": 1412,
    "index": 47
  },
  {
    "name": "Require(39) node_modules/egg-cors/app.js",
    "start": 1552392930622,
    "end": 1552392930622,
    "duration": 0,
    "pid": 1412,
    "index": 48
  },
  {
    "name": "Before Start in node_modules/egg-watcher/lib/init.js:15:14",
    "start": 1552392930637,
    "end": 1552392930850,
    "duration": 213,
    "pid": 1412,
    "index": 49
  },
  {
    "name": "Load Service",
    "start": 1552392930684,
    "end": 1552392930692,
    "duration": 8,
    "pid": 1412,
    "index": 50
  },
  {
    "name": "Load \"service\" to Context",
    "start": 1552392930684,
    "end": 1552392930692,
    "duration": 8,
    "pid": 1412,
    "index": 51
  },
  {
    "name": "Load Middleware",
    "start": 1552392930693,
    "end": 1552392930811,
    "duration": 118,
    "pid": 1412,
    "index": 52
  },
  {
    "name": "Load \"middlewares\" to Application",
    "start": 1552392930693,
    "end": 1552392930806,
    "duration": 113,
    "pid": 1412,
    "index": 53
  },
  {
    "name": "Load Controller",
    "start": 1552392930812,
    "end": 1552392930823,
    "duration": 11,
    "pid": 1412,
    "index": 54
  },
  {
    "name": "Load \"controller\" to Application",
    "start": 1552392930812,
    "end": 1552392930823,
    "duration": 11,
    "pid": 1412,
    "index": 55
  },
  {
    "name": "Load Router",
    "start": 1552392930823,
    "end": 1552392930826,
    "duration": 3,
    "pid": 1412,
    "index": 56
  },
  {
    "name": "Require(40) app/router.js",
    "start": 1552392930823,
    "end": 1552392930824,
    "duration": 1,
    "pid": 1412,
    "index": 57
  },
  {
    "name": "Before Start in node_modules/egg-core/lib/egg.js:287:10",
    "start": 1552392930824,
    "end": 1552392930838,
    "duration": 14,
    "pid": 1412,
    "index": 58
  }
]