[
  {
    "name": "Application Start",
    "start": 1552395278633,
    "end": 1552395279073,
    "duration": 440,
    "pid": 17180,
    "index": 0
  },
  {
    "name": "Load Plugin",
    "start": 1552395278640,
    "end": 1552395278666,
    "duration": 26,
    "pid": 17180,
    "index": 1
  },
  {
    "name": "Load Config",
    "start": 1552395278666,
    "end": 1552395278698,
    "duration": 32,
    "pid": 17180,
    "index": 2
  },
  {
    "name": "Require(0) config/config.default.js",
    "start": 1552395278667,
    "end": 1552395278667,
    "duration": 0,
    "pid": 17180,
    "index": 3
  },
  {
    "name": "Require(1) node_modules/egg-session/config/config.default.js",
    "start": 1552395278669,
    "end": 1552395278670,
    "duration": 1,
    "pid": 17180,
    "index": 4
  },
  {
    "name": "Require(2) node_modules/egg-jsonp/config/config.default.js",
    "start": 1552395278670,
    "end": 1552395278671,
    "duration": 1,
    "pid": 17180,
    "index": 5
  },
  {
    "name": "Require(3) node_modules/egg-onerror/config/config.default.js",
    "start": 1552395278671,
    "end": 1552395278672,
    "duration": 1,
    "pid": 17180,
    "index": 6
  },
  {
    "name": "Require(4) node_modules/egg-i18n/config/config.default.js",
    "start": 1552395278672,
    "end": 1552395278673,
    "duration": 1,
    "pid": 17180,
    "index": 7
  },
  {
    "name": "Require(5) node_modules/egg-watcher/config/config.default.js",
    "start": 1552395278673,
    "end": 1552395278674,
    "duration": 1,
    "pid": 17180,
    "index": 8
  },
  {
    "name": "Require(6) node_modules/egg-schedule/config/config.default.js",
    "start": 1552395278674,
    "end": 1552395278675,
    "duration": 1,
    "pid": 17180,
    "index": 9
  },
  {
    "name": "Require(7) node_modules/egg-multipart/config/config.default.js",
    "start": 1552395278676,
    "end": 1552395278677,
    "duration": 1,
    "pid": 17180,
    "index": 10
  },
  {
    "name": "Require(8) node_modules/egg-development/config/config.default.js",
    "start": 1552395278678,
    "end": 1552395278679,
    "duration": 1,
    "pid": 17180,
    "index": 11
  },
  {
    "name": "Require(9) node_modules/egg-logrotator/config/config.default.js",
    "start": 1552395278679,
    "end": 1552395278680,
    "duration": 1,
    "pid": 17180,
    "index": 12
  },
  {
    "name": "Require(10) node_modules/egg-static/config/config.default.js",
    "start": 1552395278681,
    "end": 1552395278681,
    "duration": 0,
    "pid": 17180,
    "index": 13
  },
  {
    "name": "Require(11) node_modules/egg-view/config/config.default.js",
    "start": 1552395278682,
    "end": 1552395278683,
    "duration": 1,
    "pid": 17180,
    "index": 14
  },
  {
    "name": "Require(12) node_modules/egg-cors/config/config.default.js",
    "start": 1552395278684,
    "end": 1552395278684,
    "duration": 0,
    "pid": 17180,
    "index": 15
  },
  {
    "name": "Require(13) node_modules/egg/config/config.default.js",
    "start": 1552395278685,
    "end": 1552395278687,
    "duration": 2,
    "pid": 17180,
    "index": 16
  },
  {
    "name": "Require(14) config/config.default.js",
    "start": 1552395278689,
    "end": 1552395278689,
    "duration": 0,
    "pid": 17180,
    "index": 17
  },
  {
    "name": "Require(15) node_modules/egg-watcher/config/config.local.js",
    "start": 1552395278691,
    "end": 1552395278692,
    "duration": 1,
    "pid": 17180,
    "index": 18
  },
  {
    "name": "Require(16) node_modules/egg-view/config/config.local.js",
    "start": 1552395278693,
    "end": 1552395278696,
    "duration": 3,
    "pid": 17180,
    "index": 19
  },
  {
    "name": "Require(17) node_modules/egg/config/config.local.js",
    "start": 1552395278697,
    "end": 1552395278697,
    "duration": 0,
    "pid": 17180,
    "index": 20
  },
  {
    "name": "Load extend/application.js",
    "start": 1552395278700,
    "end": 1552395278717,
    "duration": 17,
    "pid": 17180,
    "index": 21
  },
  {
    "name": "Require(18) node_modules/egg-session/app/extend/application.js",
    "start": 1552395278701,
    "end": 1552395278702,
    "duration": 1,
    "pid": 17180,
    "index": 22
  },
  {
    "name": "Require(19) node_modules/egg-jsonp/app/extend/application.js",
    "start": 1552395278703,
    "end": 1552395278705,
    "duration": 2,
    "pid": 17180,
    "index": 23
  },
  {
    "name": "Require(20) node_modules/egg-logrotator/app/extend/application.js",
    "start": 1552395278707,
    "end": 1552395278710,
    "duration": 3,
    "pid": 17180,
    "index": 24
  },
  {
    "name": "Require(21) node_modules/egg-view/app/extend/application.js",
    "start": 1552395278710,
    "end": 1552395278713,
    "duration": 3,
    "pid": 17180,
    "index": 25
  },
  {
    "name": "Load extend/request.js",
    "start": 1552395278717,
    "end": 1552395278724,
    "duration": 7,
    "pid": 17180,
    "index": 26
  },
  {
    "name": "Require(22) node_modules/egg/app/extend/request.js",
    "start": 1552395278720,
    "end": 1552395278722,
    "duration": 2,
    "pid": 17180,
    "index": 27
  },
  {
    "name": "Load extend/response.js",
    "start": 1552395278724,
    "end": 1552395278729,
    "duration": 5,
    "pid": 17180,
    "index": 28
  },
  {
    "name": "Require(23) node_modules/egg/app/extend/response.js",
    "start": 1552395278725,
    "end": 1552395278727,
    "duration": 2,
    "pid": 17180,
    "index": 29
  },
  {
    "name": "Load extend/context.js",
    "start": 1552395278729,
    "end": 1552395278796,
    "duration": 67,
    "pid": 17180,
    "index": 30
  },
  {
    "name": "Require(24) node_modules/egg-jsonp/app/extend/context.js",
    "start": 1552395278730,
    "end": 1552395278732,
    "duration": 2,
    "pid": 17180,
    "index": 31
  },
  {
    "name": "Require(25) node_modules/egg-i18n/app/extend/context.js",
    "start": 1552395278732,
    "end": 1552395278734,
    "duration": 2,
    "pid": 17180,
    "index": 32
  },
  {
    "name": "Require(26) node_modules/egg-multipart/app/extend/context.js",
    "start": 1552395278735,
    "end": 1552395278789,
    "duration": 54,
    "pid": 17180,
    "index": 33
  },
  {
    "name": "Require(27) node_modules/egg-view/app/extend/context.js",
    "start": 1552395278790,
    "end": 1552395278792,
    "duration": 2,
    "pid": 17180,
    "index": 34
  },
  {
    "name": "Require(28) node_modules/egg/app/extend/context.js",
    "start": 1552395278792,
    "end": 1552395278794,
    "duration": 2,
    "pid": 17180,
    "index": 35
  },
  {
    "name": "Load extend/helper.js",
    "start": 1552395278796,
    "end": 1552395278800,
    "duration": 4,
    "pid": 17180,
    "index": 36
  },
  {
    "name": "Require(29) node_modules/egg/app/extend/helper.js",
    "start": 1552395278798,
    "end": 1552395278799,
    "duration": 1,
    "pid": 17180,
    "index": 37
  },
  {
    "name": "Load app.js",
    "start": 1552395278800,
    "end": 1552395278855,
    "duration": 55,
    "pid": 17180,
    "index": 38
  },
  {
    "name": "Require(30) node_modules/egg-session/app.js",
    "start": 1552395278801,
    "end": 1552395278801,
    "duration": 0,
    "pid": 17180,
    "index": 39
  },
  {
    "name": "Require(31) node_modules/egg-onerror/app.js",
    "start": 1552395278802,
    "end": 1552395278816,
    "duration": 14,
    "pid": 17180,
    "index": 40
  },
  {
    "name": "Require(32) node_modules/egg-i18n/app.js",
    "start": 1552395278816,
    "end": 1552395278838,
    "duration": 22,
    "pid": 17180,
    "index": 41
  },
  {
    "name": "Require(33) node_modules/egg-watcher/app.js",
    "start": 1552395278839,
    "end": 1552395278843,
    "duration": 4,
    "pid": 17180,
    "index": 42
  },
  {
    "name": "Require(34) node_modules/egg-schedule/app.js",
    "start": 1552395278843,
    "end": 1552395278846,
    "duration": 3,
    "pid": 17180,
    "index": 43
  },
  {
    "name": "Require(35) node_modules/egg-multipart/app.js",
    "start": 1552395278846,
    "end": 1552395278849,
    "duration": 3,
    "pid": 17180,
    "index": 44
  },
  {
    "name": "Require(36) node_modules/egg-development/app.js",
    "start": 1552395278850,
    "end": 1552395278850,
    "duration": 0,
    "pid": 17180,
    "index": 45
  },
  {
    "name": "Require(37) node_modules/egg-logrotator/app.js",
    "start": 1552395278851,
    "end": 1552395278851,
    "duration": 0,
    "pid": 17180,
    "index": 46
  },
  {
    "name": "Require(38) node_modules/egg-static/app.js",
    "start": 1552395278851,
    "end": 1552395278853,
    "duration": 2,
    "pid": 17180,
    "index": 47
  },
  {
    "name": "Require(39) node_modules/egg-cors/app.js",
    "start": 1552395278853,
    "end": 1552395278853,
    "duration": 0,
    "pid": 17180,
    "index": 48
  },
  {
    "name": "Before Start in node_modules/egg-watcher/lib/init.js:15:14",
    "start": 1552395278868,
    "end": 1552395279071,
    "duration": 203,
    "pid": 17180,
    "index": 49
  },
  {
    "name": "Load Service",
    "start": 1552395278916,
    "end": 1552395278923,
    "duration": 7,
    "pid": 17180,
    "index": 50
  },
  {
    "name": "Load \"service\" to Context",
    "start": 1552395278916,
    "end": 1552395278923,
    "duration": 7,
    "pid": 17180,
    "index": 51
  },
  {
    "name": "Load Middleware",
    "start": 1552395278923,
    "end": 1552395279035,
    "duration": 112,
    "pid": 17180,
    "index": 52
  },
  {
    "name": "Load \"middlewares\" to Application",
    "start": 1552395278923,
    "end": 1552395279030,
    "duration": 107,
    "pid": 17180,
    "index": 53
  },
  {
    "name": "Load Controller",
    "start": 1552395279035,
    "end": 1552395279043,
    "duration": 8,
    "pid": 17180,
    "index": 54
  },
  {
    "name": "Load \"controller\" to Application",
    "start": 1552395279035,
    "end": 1552395279043,
    "duration": 8,
    "pid": 17180,
    "index": 55
  },
  {
    "name": "Load Router",
    "start": 1552395279043,
    "end": 1552395279051,
    "duration": 8,
    "pid": 17180,
    "index": 56
  },
  {
    "name": "Require(40) app/router.js",
    "start": 1552395279043,
    "end": 1552395279046,
    "duration": 3,
    "pid": 17180,
    "index": 57
  },
  {
    "name": "Before Start in node_modules/egg-core/lib/egg.js:287:10",
    "start": 1552395279047,
    "end": 1552395279060,
    "duration": 13,
    "pid": 17180,
    "index": 58
  }
]