[
  {
    "name": "Application Start",
    "start": 1552393073304,
    "end": 1552393073750,
    "duration": 446,
    "pid": 4284,
    "index": 0
  },
  {
    "name": "Load Plugin",
    "start": 1552393073310,
    "end": 1552393073335,
    "duration": 25,
    "pid": 4284,
    "index": 1
  },
  {
    "name": "Load Config",
    "start": 1552393073335,
    "end": 1552393073366,
    "duration": 31,
    "pid": 4284,
    "index": 2
  },
  {
    "name": "Require(0) config/config.default.js",
    "start": 1552393073336,
    "end": 1552393073337,
    "duration": 1,
    "pid": 4284,
    "index": 3
  },
  {
    "name": "Require(1) node_modules/egg-session/config/config.default.js",
    "start": 1552393073339,
    "end": 1552393073339,
    "duration": 0,
    "pid": 4284,
    "index": 4
  },
  {
    "name": "Require(2) node_modules/egg-jsonp/config/config.default.js",
    "start": 1552393073340,
    "end": 1552393073341,
    "duration": 1,
    "pid": 4284,
    "index": 5
  },
  {
    "name": "Require(3) node_modules/egg-onerror/config/config.default.js",
    "start": 1552393073341,
    "end": 1552393073342,
    "duration": 1,
    "pid": 4284,
    "index": 6
  },
  {
    "name": "Require(4) node_modules/egg-i18n/config/config.default.js",
    "start": 1552393073343,
    "end": 1552393073344,
    "duration": 1,
    "pid": 4284,
    "index": 7
  },
  {
    "name": "Require(5) node_modules/egg-watcher/config/config.default.js",
    "start": 1552393073344,
    "end": 1552393073345,
    "duration": 1,
    "pid": 4284,
    "index": 8
  },
  {
    "name": "Require(6) node_modules/egg-schedule/config/config.default.js",
    "start": 1552393073346,
    "end": 1552393073346,
    "duration": 0,
    "pid": 4284,
    "index": 9
  },
  {
    "name": "Require(7) node_modules/egg-multipart/config/config.default.js",
    "start": 1552393073347,
    "end": 1552393073348,
    "duration": 1,
    "pid": 4284,
    "index": 10
  },
  {
    "name": "Require(8) node_modules/egg-development/config/config.default.js",
    "start": 1552393073349,
    "end": 1552393073350,
    "duration": 1,
    "pid": 4284,
    "index": 11
  },
  {
    "name": "Require(9) node_modules/egg-logrotator/config/config.default.js",
    "start": 1552393073350,
    "end": 1552393073351,
    "duration": 1,
    "pid": 4284,
    "index": 12
  },
  {
    "name": "Require(10) node_modules/egg-static/config/config.default.js",
    "start": 1552393073352,
    "end": 1552393073353,
    "duration": 1,
    "pid": 4284,
    "index": 13
  },
  {
    "name": "Require(11) node_modules/egg-view/config/config.default.js",
    "start": 1552393073354,
    "end": 1552393073354,
    "duration": 0,
    "pid": 4284,
    "index": 14
  },
  {
    "name": "Require(12) node_modules/egg-cors/config/config.default.js",
    "start": 1552393073355,
    "end": 1552393073355,
    "duration": 0,
    "pid": 4284,
    "index": 15
  },
  {
    "name": "Require(13) node_modules/egg/config/config.default.js",
    "start": 1552393073356,
    "end": 1552393073357,
    "duration": 1,
    "pid": 4284,
    "index": 16
  },
  {
    "name": "Require(14) config/config.default.js",
    "start": 1552393073360,
    "end": 1552393073360,
    "duration": 0,
    "pid": 4284,
    "index": 17
  },
  {
    "name": "Require(15) node_modules/egg-watcher/config/config.local.js",
    "start": 1552393073361,
    "end": 1552393073362,
    "duration": 1,
    "pid": 4284,
    "index": 18
  },
  {
    "name": "Require(16) node_modules/egg-view/config/config.local.js",
    "start": 1552393073364,
    "end": 1552393073364,
    "duration": 0,
    "pid": 4284,
    "index": 19
  },
  {
    "name": "Require(17) node_modules/egg/config/config.local.js",
    "start": 1552393073365,
    "end": 1552393073366,
    "duration": 1,
    "pid": 4284,
    "index": 20
  },
  {
    "name": "Load extend/application.js",
    "start": 1552393073368,
    "end": 1552393073382,
    "duration": 14,
    "pid": 4284,
    "index": 21
  },
  {
    "name": "Require(18) node_modules/egg-session/app/extend/application.js",
    "start": 1552393073369,
    "end": 1552393073370,
    "duration": 1,
    "pid": 4284,
    "index": 22
  },
  {
    "name": "Require(19) node_modules/egg-jsonp/app/extend/application.js",
    "start": 1552393073371,
    "end": 1552393073373,
    "duration": 2,
    "pid": 4284,
    "index": 23
  },
  {
    "name": "Require(20) node_modules/egg-logrotator/app/extend/application.js",
    "start": 1552393073374,
    "end": 1552393073377,
    "duration": 3,
    "pid": 4284,
    "index": 24
  },
  {
    "name": "Require(21) node_modules/egg-view/app/extend/application.js",
    "start": 1552393073378,
    "end": 1552393073379,
    "duration": 1,
    "pid": 4284,
    "index": 25
  },
  {
    "name": "Load extend/request.js",
    "start": 1552393073382,
    "end": 1552393073388,
    "duration": 6,
    "pid": 4284,
    "index": 26
  },
  {
    "name": "Require(22) node_modules/egg/app/extend/request.js",
    "start": 1552393073384,
    "end": 1552393073386,
    "duration": 2,
    "pid": 4284,
    "index": 27
  },
  {
    "name": "Load extend/response.js",
    "start": 1552393073388,
    "end": 1552393073393,
    "duration": 5,
    "pid": 4284,
    "index": 28
  },
  {
    "name": "Require(23) node_modules/egg/app/extend/response.js",
    "start": 1552393073390,
    "end": 1552393073391,
    "duration": 1,
    "pid": 4284,
    "index": 29
  },
  {
    "name": "Load extend/context.js",
    "start": 1552393073393,
    "end": 1552393073457,
    "duration": 64,
    "pid": 4284,
    "index": 30
  },
  {
    "name": "Require(24) node_modules/egg-jsonp/app/extend/context.js",
    "start": 1552393073394,
    "end": 1552393073396,
    "duration": 2,
    "pid": 4284,
    "index": 31
  },
  {
    "name": "Require(25) node_modules/egg-i18n/app/extend/context.js",
    "start": 1552393073396,
    "end": 1552393073398,
    "duration": 2,
    "pid": 4284,
    "index": 32
  },
  {
    "name": "Require(26) node_modules/egg-multipart/app/extend/context.js",
    "start": 1552393073399,
    "end": 1552393073450,
    "duration": 51,
    "pid": 4284,
    "index": 33
  },
  {
    "name": "Require(27) node_modules/egg-view/app/extend/context.js",
    "start": 1552393073451,
    "end": 1552393073452,
    "duration": 1,
    "pid": 4284,
    "index": 34
  },
  {
    "name": "Require(28) node_modules/egg/app/extend/context.js",
    "start": 1552393073453,
    "end": 1552393073455,
    "duration": 2,
    "pid": 4284,
    "index": 35
  },
  {
    "name": "Load extend/helper.js",
    "start": 1552393073458,
    "end": 1552393073462,
    "duration": 4,
    "pid": 4284,
    "index": 36
  },
  {
    "name": "Require(29) node_modules/egg/app/extend/helper.js",
    "start": 1552393073460,
    "end": 1552393073460,
    "duration": 0,
    "pid": 4284,
    "index": 37
  },
  {
    "name": "Load app.js",
    "start": 1552393073462,
    "end": 1552393073519,
    "duration": 57,
    "pid": 4284,
    "index": 38
  },
  {
    "name": "Require(30) node_modules/egg-session/app.js",
    "start": 1552393073463,
    "end": 1552393073463,
    "duration": 0,
    "pid": 4284,
    "index": 39
  },
  {
    "name": "Require(31) node_modules/egg-onerror/app.js",
    "start": 1552393073464,
    "end": 1552393073478,
    "duration": 14,
    "pid": 4284,
    "index": 40
  },
  {
    "name": "Require(32) node_modules/egg-i18n/app.js",
    "start": 1552393073478,
    "end": 1552393073503,
    "duration": 25,
    "pid": 4284,
    "index": 41
  },
  {
    "name": "Require(33) node_modules/egg-watcher/app.js",
    "start": 1552393073504,
    "end": 1552393073508,
    "duration": 4,
    "pid": 4284,
    "index": 42
  },
  {
    "name": "Require(34) node_modules/egg-schedule/app.js",
    "start": 1552393073509,
    "end": 1552393073511,
    "duration": 2,
    "pid": 4284,
    "index": 43
  },
  {
    "name": "Require(35) node_modules/egg-multipart/app.js",
    "start": 1552393073511,
    "end": 1552393073514,
    "duration": 3,
    "pid": 4284,
    "index": 44
  },
  {
    "name": "Require(36) node_modules/egg-development/app.js",
    "start": 1552393073515,
    "end": 1552393073515,
    "duration": 0,
    "pid": 4284,
    "index": 45
  },
  {
    "name": "Require(37) node_modules/egg-logrotator/app.js",
    "start": 1552393073515,
    "end": 1552393073516,
    "duration": 1,
    "pid": 4284,
    "index": 46
  },
  {
    "name": "Require(38) node_modules/egg-static/app.js",
    "start": 1552393073516,
    "end": 1552393073517,
    "duration": 1,
    "pid": 4284,
    "index": 47
  },
  {
    "name": "Require(39) node_modules/egg-cors/app.js",
    "start": 1552393073517,
    "end": 1552393073518,
    "duration": 1,
    "pid": 4284,
    "index": 48
  },
  {
    "name": "Before Start in node_modules/egg-watcher/lib/init.js:15:14",
    "start": 1552393073533,
    "end": 1552393073749,
    "duration": 216,
    "pid": 4284,
    "index": 49
  },
  {
    "name": "Load Service",
    "start": 1552393073582,
    "end": 1552393073591,
    "duration": 9,
    "pid": 4284,
    "index": 50
  },
  {
    "name": "Load \"service\" to Context",
    "start": 1552393073582,
    "end": 1552393073591,
    "duration": 9,
    "pid": 4284,
    "index": 51
  },
  {
    "name": "Load Middleware",
    "start": 1552393073591,
    "end": 1552393073708,
    "duration": 117,
    "pid": 4284,
    "index": 52
  },
  {
    "name": "Load \"middlewares\" to Application",
    "start": 1552393073591,
    "end": 1552393073704,
    "duration": 113,
    "pid": 4284,
    "index": 53
  },
  {
    "name": "Load Controller",
    "start": 1552393073708,
    "end": 1552393073716,
    "duration": 8,
    "pid": 4284,
    "index": 54
  },
  {
    "name": "Load \"controller\" to Application",
    "start": 1552393073708,
    "end": 1552393073716,
    "duration": 8,
    "pid": 4284,
    "index": 55
  },
  {
    "name": "Load Router",
    "start": 1552393073716,
    "end": 1552393073722,
    "duration": 6,
    "pid": 4284,
    "index": 56
  },
  {
    "name": "Require(40) app/router.js",
    "start": 1552393073719,
    "end": 1552393073720,
    "duration": 1,
    "pid": 4284,
    "index": 57
  },
  {
    "name": "Before Start in node_modules/egg-core/lib/egg.js:287:10",
    "start": 1552393073720,
    "end": 1552393073734,
    "duration": 14,
    "pid": 4284,
    "index": 58
  }
]