[
  {
    "name": "Application Start",
    "start": 1552394265709,
    "end": 1552394266145,
    "duration": 436,
    "pid": 20704,
    "index": 0
  },
  {
    "name": "Load Plugin",
    "start": 1552394265715,
    "end": 1552394265733,
    "duration": 18,
    "pid": 20704,
    "index": 1
  },
  {
    "name": "Load Config",
    "start": 1552394265734,
    "end": 1552394265756,
    "duration": 22,
    "pid": 20704,
    "index": 2
  },
  {
    "name": "Require(0) config/config.default.js",
    "start": 1552394265734,
    "end": 1552394265735,
    "duration": 1,
    "pid": 20704,
    "index": 3
  },
  {
    "name": "Require(1) node_modules/egg-session/config/config.default.js",
    "start": 1552394265737,
    "end": 1552394265737,
    "duration": 0,
    "pid": 20704,
    "index": 4
  },
  {
    "name": "Require(2) node_modules/egg-jsonp/config/config.default.js",
    "start": 1552394265738,
    "end": 1552394265738,
    "duration": 0,
    "pid": 20704,
    "index": 5
  },
  {
    "name": "Require(3) node_modules/egg-onerror/config/config.default.js",
    "start": 1552394265739,
    "end": 1552394265739,
    "duration": 0,
    "pid": 20704,
    "index": 6
  },
  {
    "name": "Require(4) node_modules/egg-i18n/config/config.default.js",
    "start": 1552394265739,
    "end": 1552394265740,
    "duration": 1,
    "pid": 20704,
    "index": 7
  },
  {
    "name": "Require(5) node_modules/egg-watcher/config/config.default.js",
    "start": 1552394265741,
    "end": 1552394265741,
    "duration": 0,
    "pid": 20704,
    "index": 8
  },
  {
    "name": "Require(6) node_modules/egg-schedule/config/config.default.js",
    "start": 1552394265742,
    "end": 1552394265742,
    "duration": 0,
    "pid": 20704,
    "index": 9
  },
  {
    "name": "Require(7) node_modules/egg-multipart/config/config.default.js",
    "start": 1552394265744,
    "end": 1552394265744,
    "duration": 0,
    "pid": 20704,
    "index": 10
  },
  {
    "name": "Require(8) node_modules/egg-development/config/config.default.js",
    "start": 1552394265744,
    "end": 1552394265745,
    "duration": 1,
    "pid": 20704,
    "index": 11
  },
  {
    "name": "Require(9) node_modules/egg-logrotator/config/config.default.js",
    "start": 1552394265745,
    "end": 1552394265745,
    "duration": 0,
    "pid": 20704,
    "index": 12
  },
  {
    "name": "Require(10) node_modules/egg-static/config/config.default.js",
    "start": 1552394265746,
    "end": 1552394265746,
    "duration": 0,
    "pid": 20704,
    "index": 13
  },
  {
    "name": "Require(11) node_modules/egg-view/config/config.default.js",
    "start": 1552394265747,
    "end": 1552394265747,
    "duration": 0,
    "pid": 20704,
    "index": 14
  },
  {
    "name": "Require(12) node_modules/egg-cors/config/config.default.js",
    "start": 1552394265748,
    "end": 1552394265748,
    "duration": 0,
    "pid": 20704,
    "index": 15
  },
  {
    "name": "Require(13) node_modules/egg/config/config.default.js",
    "start": 1552394265749,
    "end": 1552394265749,
    "duration": 0,
    "pid": 20704,
    "index": 16
  },
  {
    "name": "Require(14) config/config.default.js",
    "start": 1552394265751,
    "end": 1552394265751,
    "duration": 0,
    "pid": 20704,
    "index": 17
  },
  {
    "name": "Require(15) node_modules/egg-watcher/config/config.local.js",
    "start": 1552394265753,
    "end": 1552394265753,
    "duration": 0,
    "pid": 20704,
    "index": 18
  },
  {
    "name": "Require(16) node_modules/egg-view/config/config.local.js",
    "start": 1552394265755,
    "end": 1552394265755,
    "duration": 0,
    "pid": 20704,
    "index": 19
  },
  {
    "name": "Require(17) node_modules/egg/config/config.local.js",
    "start": 1552394265755,
    "end": 1552394265755,
    "duration": 0,
    "pid": 20704,
    "index": 20
  },
  {
    "name": "Load extend/application.js",
    "start": 1552394265758,
    "end": 1552394265771,
    "duration": 13,
    "pid": 20704,
    "index": 21
  },
  {
    "name": "Require(18) node_modules/egg-session/app/extend/application.js",
    "start": 1552394265758,
    "end": 1552394265759,
    "duration": 1,
    "pid": 20704,
    "index": 22
  },
  {
    "name": "Require(19) node_modules/egg-jsonp/app/extend/application.js",
    "start": 1552394265760,
    "end": 1552394265763,
    "duration": 3,
    "pid": 20704,
    "index": 23
  },
  {
    "name": "Require(20) node_modules/egg-logrotator/app/extend/application.js",
    "start": 1552394265764,
    "end": 1552394265766,
    "duration": 2,
    "pid": 20704,
    "index": 24
  },
  {
    "name": "Require(21) node_modules/egg-view/app/extend/application.js",
    "start": 1552394265767,
    "end": 1552394265769,
    "duration": 2,
    "pid": 20704,
    "index": 25
  },
  {
    "name": "Load extend/request.js",
    "start": 1552394265771,
    "end": 1552394265776,
    "duration": 5,
    "pid": 20704,
    "index": 26
  },
  {
    "name": "Require(22) node_modules/egg/app/extend/request.js",
    "start": 1552394265773,
    "end": 1552394265774,
    "duration": 1,
    "pid": 20704,
    "index": 27
  },
  {
    "name": "Load extend/response.js",
    "start": 1552394265776,
    "end": 1552394265781,
    "duration": 5,
    "pid": 20704,
    "index": 28
  },
  {
    "name": "Require(23) node_modules/egg/app/extend/response.js",
    "start": 1552394265778,
    "end": 1552394265779,
    "duration": 1,
    "pid": 20704,
    "index": 29
  },
  {
    "name": "Load extend/context.js",
    "start": 1552394265781,
    "end": 1552394265851,
    "duration": 70,
    "pid": 20704,
    "index": 30
  },
  {
    "name": "Require(24) node_modules/egg-jsonp/app/extend/context.js",
    "start": 1552394265782,
    "end": 1552394265784,
    "duration": 2,
    "pid": 20704,
    "index": 31
  },
  {
    "name": "Require(25) node_modules/egg-i18n/app/extend/context.js",
    "start": 1552394265784,
    "end": 1552394265787,
    "duration": 3,
    "pid": 20704,
    "index": 32
  },
  {
    "name": "Require(26) node_modules/egg-multipart/app/extend/context.js",
    "start": 1552394265788,
    "end": 1552394265843,
    "duration": 55,
    "pid": 20704,
    "index": 33
  },
  {
    "name": "Require(27) node_modules/egg-view/app/extend/context.js",
    "start": 1552394265845,
    "end": 1552394265846,
    "duration": 1,
    "pid": 20704,
    "index": 34
  },
  {
    "name": "Require(28) node_modules/egg/app/extend/context.js",
    "start": 1552394265847,
    "end": 1552394265849,
    "duration": 2,
    "pid": 20704,
    "index": 35
  },
  {
    "name": "Load extend/helper.js",
    "start": 1552394265851,
    "end": 1552394265855,
    "duration": 4,
    "pid": 20704,
    "index": 36
  },
  {
    "name": "Require(29) node_modules/egg/app/extend/helper.js",
    "start": 1552394265852,
    "end": 1552394265853,
    "duration": 1,
    "pid": 20704,
    "index": 37
  },
  {
    "name": "Load app.js",
    "start": 1552394265855,
    "end": 1552394265911,
    "duration": 56,
    "pid": 20704,
    "index": 38
  },
  {
    "name": "Require(30) node_modules/egg-session/app.js",
    "start": 1552394265856,
    "end": 1552394265856,
    "duration": 0,
    "pid": 20704,
    "index": 39
  },
  {
    "name": "Require(31) node_modules/egg-onerror/app.js",
    "start": 1552394265857,
    "end": 1552394265869,
    "duration": 12,
    "pid": 20704,
    "index": 40
  },
  {
    "name": "Require(32) node_modules/egg-i18n/app.js",
    "start": 1552394265870,
    "end": 1552394265896,
    "duration": 26,
    "pid": 20704,
    "index": 41
  },
  {
    "name": "Require(33) node_modules/egg-watcher/app.js",
    "start": 1552394265896,
    "end": 1552394265901,
    "duration": 5,
    "pid": 20704,
    "index": 42
  },
  {
    "name": "Require(34) node_modules/egg-schedule/app.js",
    "start": 1552394265901,
    "end": 1552394265903,
    "duration": 2,
    "pid": 20704,
    "index": 43
  },
  {
    "name": "Require(35) node_modules/egg-multipart/app.js",
    "start": 1552394265904,
    "end": 1552394265907,
    "duration": 3,
    "pid": 20704,
    "index": 44
  },
  {
    "name": "Require(36) node_modules/egg-development/app.js",
    "start": 1552394265907,
    "end": 1552394265907,
    "duration": 0,
    "pid": 20704,
    "index": 45
  },
  {
    "name": "Require(37) node_modules/egg-logrotator/app.js",
    "start": 1552394265908,
    "end": 1552394265909,
    "duration": 1,
    "pid": 20704,
    "index": 46
  },
  {
    "name": "Require(38) node_modules/egg-static/app.js",
    "start": 1552394265909,
    "end": 1552394265910,
    "duration": 1,
    "pid": 20704,
    "index": 47
  },
  {
    "name": "Require(39) node_modules/egg-cors/app.js",
    "start": 1552394265910,
    "end": 1552394265911,
    "duration": 1,
    "pid": 20704,
    "index": 48
  },
  {
    "name": "Before Start in node_modules/egg-watcher/lib/init.js:15:14",
    "start": 1552394265927,
    "end": 1552394266144,
    "duration": 217,
    "pid": 20704,
    "index": 49
  },
  {
    "name": "Load Service",
    "start": 1552394265981,
    "end": 1552394265990,
    "duration": 9,
    "pid": 20704,
    "index": 50
  },
  {
    "name": "Load \"service\" to Context",
    "start": 1552394265981,
    "end": 1552394265990,
    "duration": 9,
    "pid": 20704,
    "index": 51
  },
  {
    "name": "Load Middleware",
    "start": 1552394265990,
    "end": 1552394266105,
    "duration": 115,
    "pid": 20704,
    "index": 52
  },
  {
    "name": "Load \"middlewares\" to Application",
    "start": 1552394265990,
    "end": 1552394266101,
    "duration": 111,
    "pid": 20704,
    "index": 53
  },
  {
    "name": "Load Controller",
    "start": 1552394266105,
    "end": 1552394266117,
    "duration": 12,
    "pid": 20704,
    "index": 54
  },
  {
    "name": "Load \"controller\" to Application",
    "start": 1552394266106,
    "end": 1552394266117,
    "duration": 11,
    "pid": 20704,
    "index": 55
  },
  {
    "name": "Load Router",
    "start": 1552394266117,
    "end": 1552394266121,
    "duration": 4,
    "pid": 20704,
    "index": 56
  },
  {
    "name": "Require(40) app/router.js",
    "start": 1552394266117,
    "end": 1552394266118,
    "duration": 1,
    "pid": 20704,
    "index": 57
  },
  {
    "name": "Before Start in node_modules/egg-core/lib/egg.js:287:10",
    "start": 1552394266118,
    "end": 1552394266132,
    "duration": 14,
    "pid": 20704,
    "index": 58
  }
]