[
  {
    "name": "Application Start",
    "start": 1552393353071,
    "end": 1552393353502,
    "duration": 431,
    "pid": 11960,
    "index": 0
  },
  {
    "name": "Load Plugin",
    "start": 1552393353077,
    "end": 1552393353100,
    "duration": 23,
    "pid": 11960,
    "index": 1
  },
  {
    "name": "Load Config",
    "start": 1552393353101,
    "end": 1552393353125,
    "duration": 24,
    "pid": 11960,
    "index": 2
  },
  {
    "name": "Require(0) config/config.default.js",
    "start": 1552393353101,
    "end": 1552393353102,
    "duration": 1,
    "pid": 11960,
    "index": 3
  },
  {
    "name": "Require(1) node_modules/egg-session/config/config.default.js",
    "start": 1552393353104,
    "end": 1552393353104,
    "duration": 0,
    "pid": 11960,
    "index": 4
  },
  {
    "name": "Require(2) node_modules/egg-jsonp/config/config.default.js",
    "start": 1552393353105,
    "end": 1552393353105,
    "duration": 0,
    "pid": 11960,
    "index": 5
  },
  {
    "name": "Require(3) node_modules/egg-onerror/config/config.default.js",
    "start": 1552393353106,
    "end": 1552393353107,
    "duration": 1,
    "pid": 11960,
    "index": 6
  },
  {
    "name": "Require(4) node_modules/egg-i18n/config/config.default.js",
    "start": 1552393353107,
    "end": 1552393353108,
    "duration": 1,
    "pid": 11960,
    "index": 7
  },
  {
    "name": "Require(5) node_modules/egg-watcher/config/config.default.js",
    "start": 1552393353108,
    "end": 1552393353109,
    "duration": 1,
    "pid": 11960,
    "index": 8
  },
  {
    "name": "Require(6) node_modules/egg-schedule/config/config.default.js",
    "start": 1552393353109,
    "end": 1552393353110,
    "duration": 1,
    "pid": 11960,
    "index": 9
  },
  {
    "name": "Require(7) node_modules/egg-multipart/config/config.default.js",
    "start": 1552393353111,
    "end": 1552393353111,
    "duration": 0,
    "pid": 11960,
    "index": 10
  },
  {
    "name": "Require(8) node_modules/egg-development/config/config.default.js",
    "start": 1552393353112,
    "end": 1552393353112,
    "duration": 0,
    "pid": 11960,
    "index": 11
  },
  {
    "name": "Require(9) node_modules/egg-logrotator/config/config.default.js",
    "start": 1552393353113,
    "end": 1552393353113,
    "duration": 0,
    "pid": 11960,
    "index": 12
  },
  {
    "name": "Require(10) node_modules/egg-static/config/config.default.js",
    "start": 1552393353114,
    "end": 1552393353115,
    "duration": 1,
    "pid": 11960,
    "index": 13
  },
  {
    "name": "Require(11) node_modules/egg-view/config/config.default.js",
    "start": 1552393353115,
    "end": 1552393353116,
    "duration": 1,
    "pid": 11960,
    "index": 14
  },
  {
    "name": "Require(12) node_modules/egg-cors/config/config.default.js",
    "start": 1552393353116,
    "end": 1552393353117,
    "duration": 1,
    "pid": 11960,
    "index": 15
  },
  {
    "name": "Require(13) node_modules/egg/config/config.default.js",
    "start": 1552393353117,
    "end": 1552393353118,
    "duration": 1,
    "pid": 11960,
    "index": 16
  },
  {
    "name": "Require(14) config/config.default.js",
    "start": 1552393353121,
    "end": 1552393353121,
    "duration": 0,
    "pid": 11960,
    "index": 17
  },
  {
    "name": "Require(15) node_modules/egg-watcher/config/config.local.js",
    "start": 1552393353122,
    "end": 1552393353122,
    "duration": 0,
    "pid": 11960,
    "index": 18
  },
  {
    "name": "Require(16) node_modules/egg-view/config/config.local.js",
    "start": 1552393353123,
    "end": 1552393353124,
    "duration": 1,
    "pid": 11960,
    "index": 19
  },
  {
    "name": "Require(17) node_modules/egg/config/config.local.js",
    "start": 1552393353124,
    "end": 1552393353125,
    "duration": 1,
    "pid": 11960,
    "index": 20
  },
  {
    "name": "Load extend/application.js",
    "start": 1552393353127,
    "end": 1552393353141,
    "duration": 14,
    "pid": 11960,
    "index": 21
  },
  {
    "name": "Require(18) node_modules/egg-session/app/extend/application.js",
    "start": 1552393353127,
    "end": 1552393353128,
    "duration": 1,
    "pid": 11960,
    "index": 22
  },
  {
    "name": "Require(19) node_modules/egg-jsonp/app/extend/application.js",
    "start": 1552393353129,
    "end": 1552393353131,
    "duration": 2,
    "pid": 11960,
    "index": 23
  },
  {
    "name": "Require(20) node_modules/egg-logrotator/app/extend/application.js",
    "start": 1552393353133,
    "end": 1552393353136,
    "duration": 3,
    "pid": 11960,
    "index": 24
  },
  {
    "name": "Require(21) node_modules/egg-view/app/extend/application.js",
    "start": 1552393353137,
    "end": 1552393353139,
    "duration": 2,
    "pid": 11960,
    "index": 25
  },
  {
    "name": "Load extend/request.js",
    "start": 1552393353141,
    "end": 1552393353147,
    "duration": 6,
    "pid": 11960,
    "index": 26
  },
  {
    "name": "Require(22) node_modules/egg/app/extend/request.js",
    "start": 1552393353143,
    "end": 1552393353145,
    "duration": 2,
    "pid": 11960,
    "index": 27
  },
  {
    "name": "Load extend/response.js",
    "start": 1552393353147,
    "end": 1552393353152,
    "duration": 5,
    "pid": 11960,
    "index": 28
  },
  {
    "name": "Require(23) node_modules/egg/app/extend/response.js",
    "start": 1552393353149,
    "end": 1552393353151,
    "duration": 2,
    "pid": 11960,
    "index": 29
  },
  {
    "name": "Load extend/context.js",
    "start": 1552393353153,
    "end": 1552393353218,
    "duration": 65,
    "pid": 11960,
    "index": 30
  },
  {
    "name": "Require(24) node_modules/egg-jsonp/app/extend/context.js",
    "start": 1552393353153,
    "end": 1552393353155,
    "duration": 2,
    "pid": 11960,
    "index": 31
  },
  {
    "name": "Require(25) node_modules/egg-i18n/app/extend/context.js",
    "start": 1552393353156,
    "end": 1552393353158,
    "duration": 2,
    "pid": 11960,
    "index": 32
  },
  {
    "name": "Require(26) node_modules/egg-multipart/app/extend/context.js",
    "start": 1552393353159,
    "end": 1552393353211,
    "duration": 52,
    "pid": 11960,
    "index": 33
  },
  {
    "name": "Require(27) node_modules/egg-view/app/extend/context.js",
    "start": 1552393353212,
    "end": 1552393353213,
    "duration": 1,
    "pid": 11960,
    "index": 34
  },
  {
    "name": "Require(28) node_modules/egg/app/extend/context.js",
    "start": 1552393353214,
    "end": 1552393353216,
    "duration": 2,
    "pid": 11960,
    "index": 35
  },
  {
    "name": "Load extend/helper.js",
    "start": 1552393353218,
    "end": 1552393353222,
    "duration": 4,
    "pid": 11960,
    "index": 36
  },
  {
    "name": "Require(29) node_modules/egg/app/extend/helper.js",
    "start": 1552393353220,
    "end": 1552393353220,
    "duration": 0,
    "pid": 11960,
    "index": 37
  },
  {
    "name": "Load app.js",
    "start": 1552393353222,
    "end": 1552393353277,
    "duration": 55,
    "pid": 11960,
    "index": 38
  },
  {
    "name": "Require(30) node_modules/egg-session/app.js",
    "start": 1552393353222,
    "end": 1552393353223,
    "duration": 1,
    "pid": 11960,
    "index": 39
  },
  {
    "name": "Require(31) node_modules/egg-onerror/app.js",
    "start": 1552393353223,
    "end": 1552393353237,
    "duration": 14,
    "pid": 11960,
    "index": 40
  },
  {
    "name": "Require(32) node_modules/egg-i18n/app.js",
    "start": 1552393353237,
    "end": 1552393353261,
    "duration": 24,
    "pid": 11960,
    "index": 41
  },
  {
    "name": "Require(33) node_modules/egg-watcher/app.js",
    "start": 1552393353262,
    "end": 1552393353267,
    "duration": 5,
    "pid": 11960,
    "index": 42
  },
  {
    "name": "Require(34) node_modules/egg-schedule/app.js",
    "start": 1552393353267,
    "end": 1552393353269,
    "duration": 2,
    "pid": 11960,
    "index": 43
  },
  {
    "name": "Require(35) node_modules/egg-multipart/app.js",
    "start": 1552393353269,
    "end": 1552393353273,
    "duration": 4,
    "pid": 11960,
    "index": 44
  },
  {
    "name": "Require(36) node_modules/egg-development/app.js",
    "start": 1552393353273,
    "end": 1552393353273,
    "duration": 0,
    "pid": 11960,
    "index": 45
  },
  {
    "name": "Require(37) node_modules/egg-logrotator/app.js",
    "start": 1552393353274,
    "end": 1552393353274,
    "duration": 0,
    "pid": 11960,
    "index": 46
  },
  {
    "name": "Require(38) node_modules/egg-static/app.js",
    "start": 1552393353275,
    "end": 1552393353275,
    "duration": 0,
    "pid": 11960,
    "index": 47
  },
  {
    "name": "Require(39) node_modules/egg-cors/app.js",
    "start": 1552393353276,
    "end": 1552393353276,
    "duration": 0,
    "pid": 11960,
    "index": 48
  },
  {
    "name": "Before Start in node_modules/egg-watcher/lib/init.js:15:14",
    "start": 1552393353291,
    "end": 1552393353502,
    "duration": 211,
    "pid": 11960,
    "index": 49
  },
  {
    "name": "Load Service",
    "start": 1552393353339,
    "end": 1552393353347,
    "duration": 8,
    "pid": 11960,
    "index": 50
  },
  {
    "name": "Load \"service\" to Context",
    "start": 1552393353339,
    "end": 1552393353347,
    "duration": 8,
    "pid": 11960,
    "index": 51
  },
  {
    "name": "Load Middleware",
    "start": 1552393353347,
    "end": 1552393353463,
    "duration": 116,
    "pid": 11960,
    "index": 52
  },
  {
    "name": "Load \"middlewares\" to Application",
    "start": 1552393353347,
    "end": 1552393353459,
    "duration": 112,
    "pid": 11960,
    "index": 53
  },
  {
    "name": "Load Controller",
    "start": 1552393353463,
    "end": 1552393353476,
    "duration": 13,
    "pid": 11960,
    "index": 54
  },
  {
    "name": "Load \"controller\" to Application",
    "start": 1552393353463,
    "end": 1552393353476,
    "duration": 13,
    "pid": 11960,
    "index": 55
  },
  {
    "name": "Load Router",
    "start": 1552393353476,
    "end": 1552393353479,
    "duration": 3,
    "pid": 11960,
    "index": 56
  },
  {
    "name": "Require(40) app/router.js",
    "start": 1552393353476,
    "end": 1552393353477,
    "duration": 1,
    "pid": 11960,
    "index": 57
  },
  {
    "name": "Before Start in node_modules/egg-core/lib/egg.js:287:10",
    "start": 1552393353477,
    "end": 1552393353490,
    "duration": 13,
    "pid": 11960,
    "index": 58
  }
]