[
  {
    "name": "Application Start",
    "start": 1552392671559,
    "end": 1552392671996,
    "duration": 437,
    "pid": 2264,
    "index": 0
  },
  {
    "name": "Load Plugin",
    "start": 1552392671565,
    "end": 1552392671592,
    "duration": 27,
    "pid": 2264,
    "index": 1
  },
  {
    "name": "Load Config",
    "start": 1552392671593,
    "end": 1552392671624,
    "duration": 31,
    "pid": 2264,
    "index": 2
  },
  {
    "name": "Require(0) config/config.default.js",
    "start": 1552392671594,
    "end": 1552392671594,
    "duration": 0,
    "pid": 2264,
    "index": 3
  },
  {
    "name": "Require(1) node_modules/egg-session/config/config.default.js",
    "start": 1552392671597,
    "end": 1552392671597,
    "duration": 0,
    "pid": 2264,
    "index": 4
  },
  {
    "name": "Require(2) node_modules/egg-jsonp/config/config.default.js",
    "start": 1552392671598,
    "end": 1552392671599,
    "duration": 1,
    "pid": 2264,
    "index": 5
  },
  {
    "name": "Require(3) node_modules/egg-onerror/config/config.default.js",
    "start": 1552392671599,
    "end": 1552392671600,
    "duration": 1,
    "pid": 2264,
    "index": 6
  },
  {
    "name": "Require(4) node_modules/egg-i18n/config/config.default.js",
    "start": 1552392671601,
    "end": 1552392671602,
    "duration": 1,
    "pid": 2264,
    "index": 7
  },
  {
    "name": "Require(5) node_modules/egg-watcher/config/config.default.js",
    "start": 1552392671603,
    "end": 1552392671606,
    "duration": 3,
    "pid": 2264,
    "index": 8
  },
  {
    "name": "Require(6) node_modules/egg-schedule/config/config.default.js",
    "start": 1552392671606,
    "end": 1552392671607,
    "duration": 1,
    "pid": 2264,
    "index": 9
  },
  {
    "name": "Require(7) node_modules/egg-multipart/config/config.default.js",
    "start": 1552392671609,
    "end": 1552392671610,
    "duration": 1,
    "pid": 2264,
    "index": 10
  },
  {
    "name": "Require(8) node_modules/egg-development/config/config.default.js",
    "start": 1552392671611,
    "end": 1552392671613,
    "duration": 2,
    "pid": 2264,
    "index": 11
  },
  {
    "name": "Require(9) node_modules/egg-logrotator/config/config.default.js",
    "start": 1552392671613,
    "end": 1552392671614,
    "duration": 1,
    "pid": 2264,
    "index": 12
  },
  {
    "name": "Require(10) node_modules/egg-static/config/config.default.js",
    "start": 1552392671614,
    "end": 1552392671615,
    "duration": 1,
    "pid": 2264,
    "index": 13
  },
  {
    "name": "Require(11) node_modules/egg-view/config/config.default.js",
    "start": 1552392671616,
    "end": 1552392671616,
    "duration": 0,
    "pid": 2264,
    "index": 14
  },
  {
    "name": "Require(12) node_modules/egg-cors/config/config.default.js",
    "start": 1552392671617,
    "end": 1552392671617,
    "duration": 0,
    "pid": 2264,
    "index": 15
  },
  {
    "name": "Require(13) node_modules/egg/config/config.default.js",
    "start": 1552392671618,
    "end": 1552392671619,
    "duration": 1,
    "pid": 2264,
    "index": 16
  },
  {
    "name": "Require(14) config/config.default.js",
    "start": 1552392671620,
    "end": 1552392671620,
    "duration": 0,
    "pid": 2264,
    "index": 17
  },
  {
    "name": "Require(15) node_modules/egg-watcher/config/config.local.js",
    "start": 1552392671621,
    "end": 1552392671622,
    "duration": 1,
    "pid": 2264,
    "index": 18
  },
  {
    "name": "Require(16) node_modules/egg-view/config/config.local.js",
    "start": 1552392671623,
    "end": 1552392671623,
    "duration": 0,
    "pid": 2264,
    "index": 19
  },
  {
    "name": "Require(17) node_modules/egg/config/config.local.js",
    "start": 1552392671624,
    "end": 1552392671624,
    "duration": 0,
    "pid": 2264,
    "index": 20
  },
  {
    "name": "Load extend/application.js",
    "start": 1552392671626,
    "end": 1552392671640,
    "duration": 14,
    "pid": 2264,
    "index": 21
  },
  {
    "name": "Require(18) node_modules/egg-session/app/extend/application.js",
    "start": 1552392671627,
    "end": 1552392671628,
    "duration": 1,
    "pid": 2264,
    "index": 22
  },
  {
    "name": "Require(19) node_modules/egg-jsonp/app/extend/application.js",
    "start": 1552392671628,
    "end": 1552392671630,
    "duration": 2,
    "pid": 2264,
    "index": 23
  },
  {
    "name": "Require(20) node_modules/egg-logrotator/app/extend/application.js",
    "start": 1552392671632,
    "end": 1552392671634,
    "duration": 2,
    "pid": 2264,
    "index": 24
  },
  {
    "name": "Require(21) node_modules/egg-view/app/extend/application.js",
    "start": 1552392671634,
    "end": 1552392671638,
    "duration": 4,
    "pid": 2264,
    "index": 25
  },
  {
    "name": "Load extend/request.js",
    "start": 1552392671641,
    "end": 1552392671647,
    "duration": 6,
    "pid": 2264,
    "index": 26
  },
  {
    "name": "Require(22) node_modules/egg/app/extend/request.js",
    "start": 1552392671643,
    "end": 1552392671645,
    "duration": 2,
    "pid": 2264,
    "index": 27
  },
  {
    "name": "Load extend/response.js",
    "start": 1552392671647,
    "end": 1552392671652,
    "duration": 5,
    "pid": 2264,
    "index": 28
  },
  {
    "name": "Require(23) node_modules/egg/app/extend/response.js",
    "start": 1552392671649,
    "end": 1552392671650,
    "duration": 1,
    "pid": 2264,
    "index": 29
  },
  {
    "name": "Load extend/context.js",
    "start": 1552392671652,
    "end": 1552392671715,
    "duration": 63,
    "pid": 2264,
    "index": 30
  },
  {
    "name": "Require(24) node_modules/egg-jsonp/app/extend/context.js",
    "start": 1552392671652,
    "end": 1552392671655,
    "duration": 3,
    "pid": 2264,
    "index": 31
  },
  {
    "name": "Require(25) node_modules/egg-i18n/app/extend/context.js",
    "start": 1552392671655,
    "end": 1552392671657,
    "duration": 2,
    "pid": 2264,
    "index": 32
  },
  {
    "name": "Require(26) node_modules/egg-multipart/app/extend/context.js",
    "start": 1552392671658,
    "end": 1552392671708,
    "duration": 50,
    "pid": 2264,
    "index": 33
  },
  {
    "name": "Require(27) node_modules/egg-view/app/extend/context.js",
    "start": 1552392671709,
    "end": 1552392671710,
    "duration": 1,
    "pid": 2264,
    "index": 34
  },
  {
    "name": "Require(28) node_modules/egg/app/extend/context.js",
    "start": 1552392671711,
    "end": 1552392671713,
    "duration": 2,
    "pid": 2264,
    "index": 35
  },
  {
    "name": "Load extend/helper.js",
    "start": 1552392671715,
    "end": 1552392671720,
    "duration": 5,
    "pid": 2264,
    "index": 36
  },
  {
    "name": "Require(29) node_modules/egg/app/extend/helper.js",
    "start": 1552392671717,
    "end": 1552392671718,
    "duration": 1,
    "pid": 2264,
    "index": 37
  },
  {
    "name": "Load app.js",
    "start": 1552392671720,
    "end": 1552392671772,
    "duration": 52,
    "pid": 2264,
    "index": 38
  },
  {
    "name": "Require(30) node_modules/egg-session/app.js",
    "start": 1552392671720,
    "end": 1552392671721,
    "duration": 1,
    "pid": 2264,
    "index": 39
  },
  {
    "name": "Require(31) node_modules/egg-onerror/app.js",
    "start": 1552392671721,
    "end": 1552392671733,
    "duration": 12,
    "pid": 2264,
    "index": 40
  },
  {
    "name": "Require(32) node_modules/egg-i18n/app.js",
    "start": 1552392671734,
    "end": 1552392671757,
    "duration": 23,
    "pid": 2264,
    "index": 41
  },
  {
    "name": "Require(33) node_modules/egg-watcher/app.js",
    "start": 1552392671757,
    "end": 1552392671762,
    "duration": 5,
    "pid": 2264,
    "index": 42
  },
  {
    "name": "Require(34) node_modules/egg-schedule/app.js",
    "start": 1552392671762,
    "end": 1552392671764,
    "duration": 2,
    "pid": 2264,
    "index": 43
  },
  {
    "name": "Require(35) node_modules/egg-multipart/app.js",
    "start": 1552392671764,
    "end": 1552392671767,
    "duration": 3,
    "pid": 2264,
    "index": 44
  },
  {
    "name": "Require(36) node_modules/egg-development/app.js",
    "start": 1552392671768,
    "end": 1552392671768,
    "duration": 0,
    "pid": 2264,
    "index": 45
  },
  {
    "name": "Require(37) node_modules/egg-logrotator/app.js",
    "start": 1552392671768,
    "end": 1552392671769,
    "duration": 1,
    "pid": 2264,
    "index": 46
  },
  {
    "name": "Require(38) node_modules/egg-static/app.js",
    "start": 1552392671769,
    "end": 1552392671770,
    "duration": 1,
    "pid": 2264,
    "index": 47
  },
  {
    "name": "Require(39) node_modules/egg-cors/app.js",
    "start": 1552392671770,
    "end": 1552392671771,
    "duration": 1,
    "pid": 2264,
    "index": 48
  },
  {
    "name": "Before Start in node_modules/egg-watcher/lib/init.js:15:14",
    "start": 1552392671786,
    "end": 1552392671996,
    "duration": 210,
    "pid": 2264,
    "index": 49
  },
  {
    "name": "Load Service",
    "start": 1552392671833,
    "end": 1552392671841,
    "duration": 8,
    "pid": 2264,
    "index": 50
  },
  {
    "name": "Load \"service\" to Context",
    "start": 1552392671833,
    "end": 1552392671841,
    "duration": 8,
    "pid": 2264,
    "index": 51
  },
  {
    "name": "Load Middleware",
    "start": 1552392671842,
    "end": 1552392671959,
    "duration": 117,
    "pid": 2264,
    "index": 52
  },
  {
    "name": "Load \"middlewares\" to Application",
    "start": 1552392671842,
    "end": 1552392671953,
    "duration": 111,
    "pid": 2264,
    "index": 53
  },
  {
    "name": "Load Controller",
    "start": 1552392671959,
    "end": 1552392671967,
    "duration": 8,
    "pid": 2264,
    "index": 54
  },
  {
    "name": "Load \"controller\" to Application",
    "start": 1552392671959,
    "end": 1552392671967,
    "duration": 8,
    "pid": 2264,
    "index": 55
  },
  {
    "name": "Load Router",
    "start": 1552392671967,
    "end": 1552392671971,
    "duration": 4,
    "pid": 2264,
    "index": 56
  },
  {
    "name": "Require(40) app/router.js",
    "start": 1552392671967,
    "end": 1552392671968,
    "duration": 1,
    "pid": 2264,
    "index": 57
  },
  {
    "name": "Before Start in node_modules/egg-core/lib/egg.js:287:10",
    "start": 1552392671968,
    "end": 1552392671985,
    "duration": 17,
    "pid": 2264,
    "index": 58
  }
]