[
  {
    "name": "Application Start",
    "start": 1552393189176,
    "end": 1552393189633,
    "duration": 457,
    "pid": 8032,
    "index": 0
  },
  {
    "name": "Load Plugin",
    "start": 1552393189182,
    "end": 1552393189210,
    "duration": 28,
    "pid": 8032,
    "index": 1
  },
  {
    "name": "Load Config",
    "start": 1552393189210,
    "end": 1552393189239,
    "duration": 29,
    "pid": 8032,
    "index": 2
  },
  {
    "name": "Require(0) config/config.default.js",
    "start": 1552393189211,
    "end": 1552393189212,
    "duration": 1,
    "pid": 8032,
    "index": 3
  },
  {
    "name": "Require(1) node_modules/egg-session/config/config.default.js",
    "start": 1552393189214,
    "end": 1552393189214,
    "duration": 0,
    "pid": 8032,
    "index": 4
  },
  {
    "name": "Require(2) node_modules/egg-jsonp/config/config.default.js",
    "start": 1552393189215,
    "end": 1552393189215,
    "duration": 0,
    "pid": 8032,
    "index": 5
  },
  {
    "name": "Require(3) node_modules/egg-onerror/config/config.default.js",
    "start": 1552393189216,
    "end": 1552393189217,
    "duration": 1,
    "pid": 8032,
    "index": 6
  },
  {
    "name": "Require(4) node_modules/egg-i18n/config/config.default.js",
    "start": 1552393189217,
    "end": 1552393189217,
    "duration": 0,
    "pid": 8032,
    "index": 7
  },
  {
    "name": "Require(5) node_modules/egg-watcher/config/config.default.js",
    "start": 1552393189218,
    "end": 1552393189219,
    "duration": 1,
    "pid": 8032,
    "index": 8
  },
  {
    "name": "Require(6) node_modules/egg-schedule/config/config.default.js",
    "start": 1552393189219,
    "end": 1552393189220,
    "duration": 1,
    "pid": 8032,
    "index": 9
  },
  {
    "name": "Require(7) node_modules/egg-multipart/config/config.default.js",
    "start": 1552393189221,
    "end": 1552393189221,
    "duration": 0,
    "pid": 8032,
    "index": 10
  },
  {
    "name": "Require(8) node_modules/egg-development/config/config.default.js",
    "start": 1552393189222,
    "end": 1552393189223,
    "duration": 1,
    "pid": 8032,
    "index": 11
  },
  {
    "name": "Require(9) node_modules/egg-logrotator/config/config.default.js",
    "start": 1552393189223,
    "end": 1552393189224,
    "duration": 1,
    "pid": 8032,
    "index": 12
  },
  {
    "name": "Require(10) node_modules/egg-static/config/config.default.js",
    "start": 1552393189224,
    "end": 1552393189225,
    "duration": 1,
    "pid": 8032,
    "index": 13
  },
  {
    "name": "Require(11) node_modules/egg-view/config/config.default.js",
    "start": 1552393189225,
    "end": 1552393189226,
    "duration": 1,
    "pid": 8032,
    "index": 14
  },
  {
    "name": "Require(12) node_modules/egg-cors/config/config.default.js",
    "start": 1552393189227,
    "end": 1552393189227,
    "duration": 0,
    "pid": 8032,
    "index": 15
  },
  {
    "name": "Require(13) node_modules/egg/config/config.default.js",
    "start": 1552393189227,
    "end": 1552393189228,
    "duration": 1,
    "pid": 8032,
    "index": 16
  },
  {
    "name": "Require(14) config/config.default.js",
    "start": 1552393189231,
    "end": 1552393189231,
    "duration": 0,
    "pid": 8032,
    "index": 17
  },
  {
    "name": "Require(15) node_modules/egg-watcher/config/config.local.js",
    "start": 1552393189232,
    "end": 1552393189235,
    "duration": 3,
    "pid": 8032,
    "index": 18
  },
  {
    "name": "Require(16) node_modules/egg-view/config/config.local.js",
    "start": 1552393189237,
    "end": 1552393189238,
    "duration": 1,
    "pid": 8032,
    "index": 19
  },
  {
    "name": "Require(17) node_modules/egg/config/config.local.js",
    "start": 1552393189238,
    "end": 1552393189239,
    "duration": 1,
    "pid": 8032,
    "index": 20
  },
  {
    "name": "Load extend/application.js",
    "start": 1552393189241,
    "end": 1552393189257,
    "duration": 16,
    "pid": 8032,
    "index": 21
  },
  {
    "name": "Require(18) node_modules/egg-session/app/extend/application.js",
    "start": 1552393189242,
    "end": 1552393189243,
    "duration": 1,
    "pid": 8032,
    "index": 22
  },
  {
    "name": "Require(19) node_modules/egg-jsonp/app/extend/application.js",
    "start": 1552393189244,
    "end": 1552393189247,
    "duration": 3,
    "pid": 8032,
    "index": 23
  },
  {
    "name": "Require(20) node_modules/egg-logrotator/app/extend/application.js",
    "start": 1552393189248,
    "end": 1552393189252,
    "duration": 4,
    "pid": 8032,
    "index": 24
  },
  {
    "name": "Require(21) node_modules/egg-view/app/extend/application.js",
    "start": 1552393189252,
    "end": 1552393189254,
    "duration": 2,
    "pid": 8032,
    "index": 25
  },
  {
    "name": "Load extend/request.js",
    "start": 1552393189257,
    "end": 1552393189263,
    "duration": 6,
    "pid": 8032,
    "index": 26
  },
  {
    "name": "Require(22) node_modules/egg/app/extend/request.js",
    "start": 1552393189259,
    "end": 1552393189261,
    "duration": 2,
    "pid": 8032,
    "index": 27
  },
  {
    "name": "Load extend/response.js",
    "start": 1552393189263,
    "end": 1552393189270,
    "duration": 7,
    "pid": 8032,
    "index": 28
  },
  {
    "name": "Require(23) node_modules/egg/app/extend/response.js",
    "start": 1552393189265,
    "end": 1552393189268,
    "duration": 3,
    "pid": 8032,
    "index": 29
  },
  {
    "name": "Load extend/context.js",
    "start": 1552393189270,
    "end": 1552393189332,
    "duration": 62,
    "pid": 8032,
    "index": 30
  },
  {
    "name": "Require(24) node_modules/egg-jsonp/app/extend/context.js",
    "start": 1552393189270,
    "end": 1552393189272,
    "duration": 2,
    "pid": 8032,
    "index": 31
  },
  {
    "name": "Require(25) node_modules/egg-i18n/app/extend/context.js",
    "start": 1552393189273,
    "end": 1552393189275,
    "duration": 2,
    "pid": 8032,
    "index": 32
  },
  {
    "name": "Require(26) node_modules/egg-multipart/app/extend/context.js",
    "start": 1552393189276,
    "end": 1552393189325,
    "duration": 49,
    "pid": 8032,
    "index": 33
  },
  {
    "name": "Require(27) node_modules/egg-view/app/extend/context.js",
    "start": 1552393189326,
    "end": 1552393189327,
    "duration": 1,
    "pid": 8032,
    "index": 34
  },
  {
    "name": "Require(28) node_modules/egg/app/extend/context.js",
    "start": 1552393189328,
    "end": 1552393189330,
    "duration": 2,
    "pid": 8032,
    "index": 35
  },
  {
    "name": "Load extend/helper.js",
    "start": 1552393189332,
    "end": 1552393189338,
    "duration": 6,
    "pid": 8032,
    "index": 36
  },
  {
    "name": "Require(29) node_modules/egg/app/extend/helper.js",
    "start": 1552393189334,
    "end": 1552393189335,
    "duration": 1,
    "pid": 8032,
    "index": 37
  },
  {
    "name": "Load app.js",
    "start": 1552393189338,
    "end": 1552393189388,
    "duration": 50,
    "pid": 8032,
    "index": 38
  },
  {
    "name": "Require(30) node_modules/egg-session/app.js",
    "start": 1552393189338,
    "end": 1552393189338,
    "duration": 0,
    "pid": 8032,
    "index": 39
  },
  {
    "name": "Require(31) node_modules/egg-onerror/app.js",
    "start": 1552393189340,
    "end": 1552393189351,
    "duration": 11,
    "pid": 8032,
    "index": 40
  },
  {
    "name": "Require(32) node_modules/egg-i18n/app.js",
    "start": 1552393189351,
    "end": 1552393189374,
    "duration": 23,
    "pid": 8032,
    "index": 41
  },
  {
    "name": "Require(33) node_modules/egg-watcher/app.js",
    "start": 1552393189374,
    "end": 1552393189379,
    "duration": 5,
    "pid": 8032,
    "index": 42
  },
  {
    "name": "Require(34) node_modules/egg-schedule/app.js",
    "start": 1552393189380,
    "end": 1552393189381,
    "duration": 1,
    "pid": 8032,
    "index": 43
  },
  {
    "name": "Require(35) node_modules/egg-multipart/app.js",
    "start": 1552393189381,
    "end": 1552393189385,
    "duration": 4,
    "pid": 8032,
    "index": 44
  },
  {
    "name": "Require(36) node_modules/egg-development/app.js",
    "start": 1552393189385,
    "end": 1552393189386,
    "duration": 1,
    "pid": 8032,
    "index": 45
  },
  {
    "name": "Require(37) node_modules/egg-logrotator/app.js",
    "start": 1552393189386,
    "end": 1552393189387,
    "duration": 1,
    "pid": 8032,
    "index": 46
  },
  {
    "name": "Require(38) node_modules/egg-static/app.js",
    "start": 1552393189387,
    "end": 1552393189388,
    "duration": 1,
    "pid": 8032,
    "index": 47
  },
  {
    "name": "Require(39) node_modules/egg-cors/app.js",
    "start": 1552393189388,
    "end": 1552393189388,
    "duration": 0,
    "pid": 8032,
    "index": 48
  },
  {
    "name": "Before Start in node_modules/egg-watcher/lib/init.js:15:14",
    "start": 1552393189403,
    "end": 1552393189632,
    "duration": 229,
    "pid": 8032,
    "index": 49
  },
  {
    "name": "Load Service",
    "start": 1552393189449,
    "end": 1552393189456,
    "duration": 7,
    "pid": 8032,
    "index": 50
  },
  {
    "name": "Load \"service\" to Context",
    "start": 1552393189449,
    "end": 1552393189456,
    "duration": 7,
    "pid": 8032,
    "index": 51
  },
  {
    "name": "Load Middleware",
    "start": 1552393189457,
    "end": 1552393189596,
    "duration": 139,
    "pid": 8032,
    "index": 52
  },
  {
    "name": "Load \"middlewares\" to Application",
    "start": 1552393189457,
    "end": 1552393189593,
    "duration": 136,
    "pid": 8032,
    "index": 53
  },
  {
    "name": "Load Controller",
    "start": 1552393189596,
    "end": 1552393189605,
    "duration": 9,
    "pid": 8032,
    "index": 54
  },
  {
    "name": "Load \"controller\" to Application",
    "start": 1552393189596,
    "end": 1552393189605,
    "duration": 9,
    "pid": 8032,
    "index": 55
  },
  {
    "name": "Load Router",
    "start": 1552393189605,
    "end": 1552393189611,
    "duration": 6,
    "pid": 8032,
    "index": 56
  },
  {
    "name": "Require(40) app/router.js",
    "start": 1552393189607,
    "end": 1552393189608,
    "duration": 1,
    "pid": 8032,
    "index": 57
  },
  {
    "name": "Before Start in node_modules/egg-core/lib/egg.js:287:10",
    "start": 1552393189608,
    "end": 1552393189621,
    "duration": 13,
    "pid": 8032,
    "index": 58
  }
]