[
  {
    "name": "Application Start",
    "start": 1552392602614,
    "end": 1552392603127,
    "duration": 513,
    "pid": 23200,
    "index": 0
  },
  {
    "name": "Load Plugin",
    "start": 1552392602620,
    "end": 1552392602642,
    "duration": 22,
    "pid": 23200,
    "index": 1
  },
  {
    "name": "Load Config",
    "start": 1552392602642,
    "end": 1552392602666,
    "duration": 24,
    "pid": 23200,
    "index": 2
  },
  {
    "name": "Require(0) config/config.default.js",
    "start": 1552392602644,
    "end": 1552392602644,
    "duration": 0,
    "pid": 23200,
    "index": 3
  },
  {
    "name": "Require(1) node_modules/egg-session/config/config.default.js",
    "start": 1552392602646,
    "end": 1552392602646,
    "duration": 0,
    "pid": 23200,
    "index": 4
  },
  {
    "name": "Require(2) node_modules/egg-jsonp/config/config.default.js",
    "start": 1552392602647,
    "end": 1552392602647,
    "duration": 0,
    "pid": 23200,
    "index": 5
  },
  {
    "name": "Require(3) node_modules/egg-onerror/config/config.default.js",
    "start": 1552392602648,
    "end": 1552392602648,
    "duration": 0,
    "pid": 23200,
    "index": 6
  },
  {
    "name": "Require(4) node_modules/egg-i18n/config/config.default.js",
    "start": 1552392602649,
    "end": 1552392602649,
    "duration": 0,
    "pid": 23200,
    "index": 7
  },
  {
    "name": "Require(5) node_modules/egg-watcher/config/config.default.js",
    "start": 1552392602650,
    "end": 1552392602651,
    "duration": 1,
    "pid": 23200,
    "index": 8
  },
  {
    "name": "Require(6) node_modules/egg-schedule/config/config.default.js",
    "start": 1552392602651,
    "end": 1552392602652,
    "duration": 1,
    "pid": 23200,
    "index": 9
  },
  {
    "name": "Require(7) node_modules/egg-multipart/config/config.default.js",
    "start": 1552392602653,
    "end": 1552392602653,
    "duration": 0,
    "pid": 23200,
    "index": 10
  },
  {
    "name": "Require(8) node_modules/egg-development/config/config.default.js",
    "start": 1552392602654,
    "end": 1552392602654,
    "duration": 0,
    "pid": 23200,
    "index": 11
  },
  {
    "name": "Require(9) node_modules/egg-logrotator/config/config.default.js",
    "start": 1552392602655,
    "end": 1552392602655,
    "duration": 0,
    "pid": 23200,
    "index": 12
  },
  {
    "name": "Require(10) node_modules/egg-static/config/config.default.js",
    "start": 1552392602656,
    "end": 1552392602657,
    "duration": 1,
    "pid": 23200,
    "index": 13
  },
  {
    "name": "Require(11) node_modules/egg-view/config/config.default.js",
    "start": 1552392602657,
    "end": 1552392602658,
    "duration": 1,
    "pid": 23200,
    "index": 14
  },
  {
    "name": "Require(12) node_modules/egg-cors/config/config.default.js",
    "start": 1552392602658,
    "end": 1552392602659,
    "duration": 1,
    "pid": 23200,
    "index": 15
  },
  {
    "name": "Require(13) node_modules/egg/config/config.default.js",
    "start": 1552392602659,
    "end": 1552392602660,
    "duration": 1,
    "pid": 23200,
    "index": 16
  },
  {
    "name": "Require(14) config/config.default.js",
    "start": 1552392602662,
    "end": 1552392602662,
    "duration": 0,
    "pid": 23200,
    "index": 17
  },
  {
    "name": "Require(15) node_modules/egg-watcher/config/config.local.js",
    "start": 1552392602663,
    "end": 1552392602663,
    "duration": 0,
    "pid": 23200,
    "index": 18
  },
  {
    "name": "Require(16) node_modules/egg-view/config/config.local.js",
    "start": 1552392602664,
    "end": 1552392602665,
    "duration": 1,
    "pid": 23200,
    "index": 19
  },
  {
    "name": "Require(17) node_modules/egg/config/config.local.js",
    "start": 1552392602665,
    "end": 1552392602666,
    "duration": 1,
    "pid": 23200,
    "index": 20
  },
  {
    "name": "Load extend/application.js",
    "start": 1552392602668,
    "end": 1552392602682,
    "duration": 14,
    "pid": 23200,
    "index": 21
  },
  {
    "name": "Require(18) node_modules/egg-session/app/extend/application.js",
    "start": 1552392602669,
    "end": 1552392602670,
    "duration": 1,
    "pid": 23200,
    "index": 22
  },
  {
    "name": "Require(19) node_modules/egg-jsonp/app/extend/application.js",
    "start": 1552392602670,
    "end": 1552392602672,
    "duration": 2,
    "pid": 23200,
    "index": 23
  },
  {
    "name": "Require(20) node_modules/egg-logrotator/app/extend/application.js",
    "start": 1552392602674,
    "end": 1552392602677,
    "duration": 3,
    "pid": 23200,
    "index": 24
  },
  {
    "name": "Require(21) node_modules/egg-view/app/extend/application.js",
    "start": 1552392602678,
    "end": 1552392602679,
    "duration": 1,
    "pid": 23200,
    "index": 25
  },
  {
    "name": "Load extend/request.js",
    "start": 1552392602682,
    "end": 1552392602688,
    "duration": 6,
    "pid": 23200,
    "index": 26
  },
  {
    "name": "Require(22) node_modules/egg/app/extend/request.js",
    "start": 1552392602684,
    "end": 1552392602686,
    "duration": 2,
    "pid": 23200,
    "index": 27
  },
  {
    "name": "Load extend/response.js",
    "start": 1552392602688,
    "end": 1552392602694,
    "duration": 6,
    "pid": 23200,
    "index": 28
  },
  {
    "name": "Require(23) node_modules/egg/app/extend/response.js",
    "start": 1552392602690,
    "end": 1552392602692,
    "duration": 2,
    "pid": 23200,
    "index": 29
  },
  {
    "name": "Load extend/context.js",
    "start": 1552392602694,
    "end": 1552392602772,
    "duration": 78,
    "pid": 23200,
    "index": 30
  },
  {
    "name": "Require(24) node_modules/egg-jsonp/app/extend/context.js",
    "start": 1552392602695,
    "end": 1552392602697,
    "duration": 2,
    "pid": 23200,
    "index": 31
  },
  {
    "name": "Require(25) node_modules/egg-i18n/app/extend/context.js",
    "start": 1552392602698,
    "end": 1552392602700,
    "duration": 2,
    "pid": 23200,
    "index": 32
  },
  {
    "name": "Require(26) node_modules/egg-multipart/app/extend/context.js",
    "start": 1552392602701,
    "end": 1552392602764,
    "duration": 63,
    "pid": 23200,
    "index": 33
  },
  {
    "name": "Require(27) node_modules/egg-view/app/extend/context.js",
    "start": 1552392602765,
    "end": 1552392602766,
    "duration": 1,
    "pid": 23200,
    "index": 34
  },
  {
    "name": "Require(28) node_modules/egg/app/extend/context.js",
    "start": 1552392602767,
    "end": 1552392602769,
    "duration": 2,
    "pid": 23200,
    "index": 35
  },
  {
    "name": "Load extend/helper.js",
    "start": 1552392602772,
    "end": 1552392602777,
    "duration": 5,
    "pid": 23200,
    "index": 36
  },
  {
    "name": "Require(29) node_modules/egg/app/extend/helper.js",
    "start": 1552392602774,
    "end": 1552392602775,
    "duration": 1,
    "pid": 23200,
    "index": 37
  },
  {
    "name": "Load app.js",
    "start": 1552392602777,
    "end": 1552392602861,
    "duration": 84,
    "pid": 23200,
    "index": 38
  },
  {
    "name": "Require(30) node_modules/egg-session/app.js",
    "start": 1552392602778,
    "end": 1552392602778,
    "duration": 0,
    "pid": 23200,
    "index": 39
  },
  {
    "name": "Require(31) node_modules/egg-onerror/app.js",
    "start": 1552392602779,
    "end": 1552392602794,
    "duration": 15,
    "pid": 23200,
    "index": 40
  },
  {
    "name": "Require(32) node_modules/egg-i18n/app.js",
    "start": 1552392602794,
    "end": 1552392602834,
    "duration": 40,
    "pid": 23200,
    "index": 41
  },
  {
    "name": "Require(33) node_modules/egg-watcher/app.js",
    "start": 1552392602834,
    "end": 1552392602840,
    "duration": 6,
    "pid": 23200,
    "index": 42
  },
  {
    "name": "Require(34) node_modules/egg-schedule/app.js",
    "start": 1552392602841,
    "end": 1552392602845,
    "duration": 4,
    "pid": 23200,
    "index": 43
  },
  {
    "name": "Require(35) node_modules/egg-multipart/app.js",
    "start": 1552392602846,
    "end": 1552392602851,
    "duration": 5,
    "pid": 23200,
    "index": 44
  },
  {
    "name": "Require(36) node_modules/egg-development/app.js",
    "start": 1552392602851,
    "end": 1552392602852,
    "duration": 1,
    "pid": 23200,
    "index": 45
  },
  {
    "name": "Require(37) node_modules/egg-logrotator/app.js",
    "start": 1552392602853,
    "end": 1552392602853,
    "duration": 0,
    "pid": 23200,
    "index": 46
  },
  {
    "name": "Require(38) node_modules/egg-static/app.js",
    "start": 1552392602854,
    "end": 1552392602855,
    "duration": 1,
    "pid": 23200,
    "index": 47
  },
  {
    "name": "Require(39) node_modules/egg-cors/app.js",
    "start": 1552392602856,
    "end": 1552392602859,
    "duration": 3,
    "pid": 23200,
    "index": 48
  },
  {
    "name": "Before Start in node_modules/egg-watcher/lib/init.js:15:14",
    "start": 1552392602902,
    "end": 1552392603126,
    "duration": 224,
    "pid": 23200,
    "index": 49
  },
  {
    "name": "Load Service",
    "start": 1552392602964,
    "end": 1552392602973,
    "duration": 9,
    "pid": 23200,
    "index": 50
  },
  {
    "name": "Load \"service\" to Context",
    "start": 1552392602964,
    "end": 1552392602973,
    "duration": 9,
    "pid": 23200,
    "index": 51
  },
  {
    "name": "Load Middleware",
    "start": 1552392602973,
    "end": 1552392603090,
    "duration": 117,
    "pid": 23200,
    "index": 52
  },
  {
    "name": "Load \"middlewares\" to Application",
    "start": 1552392602973,
    "end": 1552392603086,
    "duration": 113,
    "pid": 23200,
    "index": 53
  },
  {
    "name": "Load Controller",
    "start": 1552392603090,
    "end": 1552392603099,
    "duration": 9,
    "pid": 23200,
    "index": 54
  },
  {
    "name": "Load \"controller\" to Application",
    "start": 1552392603090,
    "end": 1552392603099,
    "duration": 9,
    "pid": 23200,
    "index": 55
  },
  {
    "name": "Load Router",
    "start": 1552392603099,
    "end": 1552392603104,
    "duration": 5,
    "pid": 23200,
    "index": 56
  },
  {
    "name": "Require(40) app/router.js",
    "start": 1552392603101,
    "end": 1552392603101,
    "duration": 0,
    "pid": 23200,
    "index": 57
  },
  {
    "name": "Before Start in node_modules/egg-core/lib/egg.js:287:10",
    "start": 1552392603102,
    "end": 1552392603115,
    "duration": 13,
    "pid": 23200,
    "index": 58
  }
]