[
  {
    "name": "Application Start",
    "start": 1552392857399,
    "end": 1552392857812,
    "duration": 413,
    "pid": 22604,
    "index": 0
  },
  {
    "name": "Load Plugin",
    "start": 1552392857407,
    "end": 1552392857427,
    "duration": 20,
    "pid": 22604,
    "index": 1
  },
  {
    "name": "Load Config",
    "start": 1552392857427,
    "end": 1552392857449,
    "duration": 22,
    "pid": 22604,
    "index": 2
  },
  {
    "name": "Require(0) config/config.default.js",
    "start": 1552392857428,
    "end": 1552392857428,
    "duration": 0,
    "pid": 22604,
    "index": 3
  },
  {
    "name": "Require(1) node_modules/egg-session/config/config.default.js",
    "start": 1552392857430,
    "end": 1552392857431,
    "duration": 1,
    "pid": 22604,
    "index": 4
  },
  {
    "name": "Require(2) node_modules/egg-jsonp/config/config.default.js",
    "start": 1552392857431,
    "end": 1552392857431,
    "duration": 0,
    "pid": 22604,
    "index": 5
  },
  {
    "name": "Require(3) node_modules/egg-onerror/config/config.default.js",
    "start": 1552392857432,
    "end": 1552392857432,
    "duration": 0,
    "pid": 22604,
    "index": 6
  },
  {
    "name": "Require(4) node_modules/egg-i18n/config/config.default.js",
    "start": 1552392857433,
    "end": 1552392857433,
    "duration": 0,
    "pid": 22604,
    "index": 7
  },
  {
    "name": "Require(5) node_modules/egg-watcher/config/config.default.js",
    "start": 1552392857434,
    "end": 1552392857434,
    "duration": 0,
    "pid": 22604,
    "index": 8
  },
  {
    "name": "Require(6) node_modules/egg-schedule/config/config.default.js",
    "start": 1552392857435,
    "end": 1552392857435,
    "duration": 0,
    "pid": 22604,
    "index": 9
  },
  {
    "name": "Require(7) node_modules/egg-multipart/config/config.default.js",
    "start": 1552392857436,
    "end": 1552392857437,
    "duration": 1,
    "pid": 22604,
    "index": 10
  },
  {
    "name": "Require(8) node_modules/egg-development/config/config.default.js",
    "start": 1552392857438,
    "end": 1552392857438,
    "duration": 0,
    "pid": 22604,
    "index": 11
  },
  {
    "name": "Require(9) node_modules/egg-logrotator/config/config.default.js",
    "start": 1552392857439,
    "end": 1552392857439,
    "duration": 0,
    "pid": 22604,
    "index": 12
  },
  {
    "name": "Require(10) node_modules/egg-static/config/config.default.js",
    "start": 1552392857439,
    "end": 1552392857440,
    "duration": 1,
    "pid": 22604,
    "index": 13
  },
  {
    "name": "Require(11) node_modules/egg-view/config/config.default.js",
    "start": 1552392857440,
    "end": 1552392857441,
    "duration": 1,
    "pid": 22604,
    "index": 14
  },
  {
    "name": "Require(12) node_modules/egg-cors/config/config.default.js",
    "start": 1552392857442,
    "end": 1552392857442,
    "duration": 0,
    "pid": 22604,
    "index": 15
  },
  {
    "name": "Require(13) node_modules/egg/config/config.default.js",
    "start": 1552392857442,
    "end": 1552392857443,
    "duration": 1,
    "pid": 22604,
    "index": 16
  },
  {
    "name": "Require(14) config/config.default.js",
    "start": 1552392857445,
    "end": 1552392857445,
    "duration": 0,
    "pid": 22604,
    "index": 17
  },
  {
    "name": "Require(15) node_modules/egg-watcher/config/config.local.js",
    "start": 1552392857446,
    "end": 1552392857446,
    "duration": 0,
    "pid": 22604,
    "index": 18
  },
  {
    "name": "Require(16) node_modules/egg-view/config/config.local.js",
    "start": 1552392857447,
    "end": 1552392857448,
    "duration": 1,
    "pid": 22604,
    "index": 19
  },
  {
    "name": "Require(17) node_modules/egg/config/config.local.js",
    "start": 1552392857448,
    "end": 1552392857449,
    "duration": 1,
    "pid": 22604,
    "index": 20
  },
  {
    "name": "Load extend/application.js",
    "start": 1552392857451,
    "end": 1552392857462,
    "duration": 11,
    "pid": 22604,
    "index": 21
  },
  {
    "name": "Require(18) node_modules/egg-session/app/extend/application.js",
    "start": 1552392857451,
    "end": 1552392857452,
    "duration": 1,
    "pid": 22604,
    "index": 22
  },
  {
    "name": "Require(19) node_modules/egg-jsonp/app/extend/application.js",
    "start": 1552392857452,
    "end": 1552392857454,
    "duration": 2,
    "pid": 22604,
    "index": 23
  },
  {
    "name": "Require(20) node_modules/egg-logrotator/app/extend/application.js",
    "start": 1552392857455,
    "end": 1552392857457,
    "duration": 2,
    "pid": 22604,
    "index": 24
  },
  {
    "name": "Require(21) node_modules/egg-view/app/extend/application.js",
    "start": 1552392857458,
    "end": 1552392857459,
    "duration": 1,
    "pid": 22604,
    "index": 25
  },
  {
    "name": "Load extend/request.js",
    "start": 1552392857462,
    "end": 1552392857467,
    "duration": 5,
    "pid": 22604,
    "index": 26
  },
  {
    "name": "Require(22) node_modules/egg/app/extend/request.js",
    "start": 1552392857464,
    "end": 1552392857465,
    "duration": 1,
    "pid": 22604,
    "index": 27
  },
  {
    "name": "Load extend/response.js",
    "start": 1552392857467,
    "end": 1552392857472,
    "duration": 5,
    "pid": 22604,
    "index": 28
  },
  {
    "name": "Require(23) node_modules/egg/app/extend/response.js",
    "start": 1552392857469,
    "end": 1552392857471,
    "duration": 2,
    "pid": 22604,
    "index": 29
  },
  {
    "name": "Load extend/context.js",
    "start": 1552392857473,
    "end": 1552392857533,
    "duration": 60,
    "pid": 22604,
    "index": 30
  },
  {
    "name": "Require(24) node_modules/egg-jsonp/app/extend/context.js",
    "start": 1552392857473,
    "end": 1552392857475,
    "duration": 2,
    "pid": 22604,
    "index": 31
  },
  {
    "name": "Require(25) node_modules/egg-i18n/app/extend/context.js",
    "start": 1552392857475,
    "end": 1552392857477,
    "duration": 2,
    "pid": 22604,
    "index": 32
  },
  {
    "name": "Require(26) node_modules/egg-multipart/app/extend/context.js",
    "start": 1552392857478,
    "end": 1552392857527,
    "duration": 49,
    "pid": 22604,
    "index": 33
  },
  {
    "name": "Require(27) node_modules/egg-view/app/extend/context.js",
    "start": 1552392857528,
    "end": 1552392857529,
    "duration": 1,
    "pid": 22604,
    "index": 34
  },
  {
    "name": "Require(28) node_modules/egg/app/extend/context.js",
    "start": 1552392857530,
    "end": 1552392857532,
    "duration": 2,
    "pid": 22604,
    "index": 35
  },
  {
    "name": "Load extend/helper.js",
    "start": 1552392857534,
    "end": 1552392857538,
    "duration": 4,
    "pid": 22604,
    "index": 36
  },
  {
    "name": "Require(29) node_modules/egg/app/extend/helper.js",
    "start": 1552392857536,
    "end": 1552392857536,
    "duration": 0,
    "pid": 22604,
    "index": 37
  },
  {
    "name": "Load app.js",
    "start": 1552392857538,
    "end": 1552392857592,
    "duration": 54,
    "pid": 22604,
    "index": 38
  },
  {
    "name": "Require(30) node_modules/egg-session/app.js",
    "start": 1552392857539,
    "end": 1552392857539,
    "duration": 0,
    "pid": 22604,
    "index": 39
  },
  {
    "name": "Require(31) node_modules/egg-onerror/app.js",
    "start": 1552392857541,
    "end": 1552392857553,
    "duration": 12,
    "pid": 22604,
    "index": 40
  },
  {
    "name": "Require(32) node_modules/egg-i18n/app.js",
    "start": 1552392857554,
    "end": 1552392857576,
    "duration": 22,
    "pid": 22604,
    "index": 41
  },
  {
    "name": "Require(33) node_modules/egg-watcher/app.js",
    "start": 1552392857577,
    "end": 1552392857581,
    "duration": 4,
    "pid": 22604,
    "index": 42
  },
  {
    "name": "Require(34) node_modules/egg-schedule/app.js",
    "start": 1552392857581,
    "end": 1552392857583,
    "duration": 2,
    "pid": 22604,
    "index": 43
  },
  {
    "name": "Require(35) node_modules/egg-multipart/app.js",
    "start": 1552392857584,
    "end": 1552392857587,
    "duration": 3,
    "pid": 22604,
    "index": 44
  },
  {
    "name": "Require(36) node_modules/egg-development/app.js",
    "start": 1552392857587,
    "end": 1552392857588,
    "duration": 1,
    "pid": 22604,
    "index": 45
  },
  {
    "name": "Require(37) node_modules/egg-logrotator/app.js",
    "start": 1552392857588,
    "end": 1552392857588,
    "duration": 0,
    "pid": 22604,
    "index": 46
  },
  {
    "name": "Require(38) node_modules/egg-static/app.js",
    "start": 1552392857588,
    "end": 1552392857589,
    "duration": 1,
    "pid": 22604,
    "index": 47
  },
  {
    "name": "Require(39) node_modules/egg-cors/app.js",
    "start": 1552392857589,
    "end": 1552392857590,
    "duration": 1,
    "pid": 22604,
    "index": 48
  },
  {
    "name": "Before Start in node_modules/egg-watcher/lib/init.js:15:14",
    "start": 1552392857605,
    "end": 1552392857810,
    "duration": 205,
    "pid": 22604,
    "index": 49
  },
  {
    "name": "Load Service",
    "start": 1552392857651,
    "end": 1552392857660,
    "duration": 9,
    "pid": 22604,
    "index": 50
  },
  {
    "name": "Load \"service\" to Context",
    "start": 1552392857651,
    "end": 1552392857660,
    "duration": 9,
    "pid": 22604,
    "index": 51
  },
  {
    "name": "Load Middleware",
    "start": 1552392857660,
    "end": 1552392857775,
    "duration": 115,
    "pid": 22604,
    "index": 52
  },
  {
    "name": "Load \"middlewares\" to Application",
    "start": 1552392857661,
    "end": 1552392857771,
    "duration": 110,
    "pid": 22604,
    "index": 53
  },
  {
    "name": "Load Controller",
    "start": 1552392857775,
    "end": 1552392857782,
    "duration": 7,
    "pid": 22604,
    "index": 54
  },
  {
    "name": "Load \"controller\" to Application",
    "start": 1552392857775,
    "end": 1552392857782,
    "duration": 7,
    "pid": 22604,
    "index": 55
  },
  {
    "name": "Load Router",
    "start": 1552392857782,
    "end": 1552392857788,
    "duration": 6,
    "pid": 22604,
    "index": 56
  },
  {
    "name": "Require(40) app/router.js",
    "start": 1552392857785,
    "end": 1552392857786,
    "duration": 1,
    "pid": 22604,
    "index": 57
  },
  {
    "name": "Before Start in node_modules/egg-core/lib/egg.js:287:10",
    "start": 1552392857786,
    "end": 1552392857798,
    "duration": 12,
    "pid": 22604,
    "index": 58
  }
]