[
  {
    "name": "Application Start",
    "start": 1551827842330,
    "end": 1551827843477,
    "duration": 1147,
    "pid": 15012,
    "index": 0
  },
  {
    "name": "Load Plugin",
    "start": 1551827842336,
    "end": 1551827842352,
    "duration": 16,
    "pid": 15012,
    "index": 1
  },
  {
    "name": "Load Config",
    "start": 1551827842352,
    "end": 1551827842373,
    "duration": 21,
    "pid": 15012,
    "index": 2
  },
  {
    "name": "Require(0) config/config.default.js",
    "start": 1551827842353,
    "end": 1551827842353,
    "duration": 0,
    "pid": 15012,
    "index": 3
  },
  {
    "name": "Require(1) node_modules/egg-session/config/config.default.js",
    "start": 1551827842355,
    "end": 1551827842355,
    "duration": 0,
    "pid": 15012,
    "index": 4
  },
  {
    "name": "Require(2) node_modules/egg-jsonp/config/config.default.js",
    "start": 1551827842356,
    "end": 1551827842356,
    "duration": 0,
    "pid": 15012,
    "index": 5
  },
  {
    "name": "Require(3) node_modules/egg-onerror/config/config.default.js",
    "start": 1551827842357,
    "end": 1551827842357,
    "duration": 0,
    "pid": 15012,
    "index": 6
  },
  {
    "name": "Require(4) node_modules/egg-i18n/config/config.default.js",
    "start": 1551827842359,
    "end": 1551827842359,
    "duration": 0,
    "pid": 15012,
    "index": 7
  },
  {
    "name": "Require(5) node_modules/egg-watcher/config/config.default.js",
    "start": 1551827842360,
    "end": 1551827842360,
    "duration": 0,
    "pid": 15012,
    "index": 8
  },
  {
    "name": "Require(6) node_modules/egg-schedule/config/config.default.js",
    "start": 1551827842360,
    "end": 1551827842361,
    "duration": 1,
    "pid": 15012,
    "index": 9
  },
  {
    "name": "Require(7) node_modules/egg-multipart/config/config.default.js",
    "start": 1551827842361,
    "end": 1551827842361,
    "duration": 0,
    "pid": 15012,
    "index": 10
  },
  {
    "name": "Require(8) node_modules/egg-development/config/config.default.js",
    "start": 1551827842362,
    "end": 1551827842362,
    "duration": 0,
    "pid": 15012,
    "index": 11
  },
  {
    "name": "Require(9) node_modules/egg-logrotator/config/config.default.js",
    "start": 1551827842363,
    "end": 1551827842363,
    "duration": 0,
    "pid": 15012,
    "index": 12
  },
  {
    "name": "Require(10) node_modules/egg-static/config/config.default.js",
    "start": 1551827842363,
    "end": 1551827842365,
    "duration": 2,
    "pid": 15012,
    "index": 13
  },
  {
    "name": "Require(11) node_modules/egg-view/config/config.default.js",
    "start": 1551827842365,
    "end": 1551827842366,
    "duration": 1,
    "pid": 15012,
    "index": 14
  },
  {
    "name": "Require(12) node_modules/egg-cors/config/config.default.js",
    "start": 1551827842366,
    "end": 1551827842367,
    "duration": 1,
    "pid": 15012,
    "index": 15
  },
  {
    "name": "Require(13) node_modules/egg/config/config.default.js",
    "start": 1551827842367,
    "end": 1551827842368,
    "duration": 1,
    "pid": 15012,
    "index": 16
  },
  {
    "name": "Require(14) config/config.default.js",
    "start": 1551827842370,
    "end": 1551827842370,
    "duration": 0,
    "pid": 15012,
    "index": 17
  },
  {
    "name": "Require(15) node_modules/egg-watcher/config/config.local.js",
    "start": 1551827842371,
    "end": 1551827842371,
    "duration": 0,
    "pid": 15012,
    "index": 18
  },
  {
    "name": "Require(16) node_modules/egg-view/config/config.local.js",
    "start": 1551827842372,
    "end": 1551827842372,
    "duration": 0,
    "pid": 15012,
    "index": 19
  },
  {
    "name": "Require(17) node_modules/egg/config/config.local.js",
    "start": 1551827842372,
    "end": 1551827842372,
    "duration": 0,
    "pid": 15012,
    "index": 20
  },
  {
    "name": "Load extend/application.js",
    "start": 1551827842375,
    "end": 1551827842410,
    "duration": 35,
    "pid": 15012,
    "index": 21
  },
  {
    "name": "Require(18) node_modules/egg-session/app/extend/application.js",
    "start": 1551827842376,
    "end": 1551827842381,
    "duration": 5,
    "pid": 15012,
    "index": 22
  },
  {
    "name": "Require(19) node_modules/egg-jsonp/app/extend/application.js",
    "start": 1551827842381,
    "end": 1551827842395,
    "duration": 14,
    "pid": 15012,
    "index": 23
  },
  {
    "name": "Require(20) node_modules/egg-logrotator/app/extend/application.js",
    "start": 1551827842395,
    "end": 1551827842399,
    "duration": 4,
    "pid": 15012,
    "index": 24
  },
  {
    "name": "Require(21) node_modules/egg-view/app/extend/application.js",
    "start": 1551827842399,
    "end": 1551827842407,
    "duration": 8,
    "pid": 15012,
    "index": 25
  },
  {
    "name": "Load extend/request.js",
    "start": 1551827842410,
    "end": 1551827842426,
    "duration": 16,
    "pid": 15012,
    "index": 26
  },
  {
    "name": "Require(22) node_modules/egg/app/extend/request.js",
    "start": 1551827842416,
    "end": 1551827842424,
    "duration": 8,
    "pid": 15012,
    "index": 27
  },
  {
    "name": "Load extend/response.js",
    "start": 1551827842426,
    "end": 1551827842443,
    "duration": 17,
    "pid": 15012,
    "index": 28
  },
  {
    "name": "Require(23) node_modules/egg/app/extend/response.js",
    "start": 1551827842428,
    "end": 1551827842441,
    "duration": 13,
    "pid": 15012,
    "index": 29
  },
  {
    "name": "Load extend/context.js",
    "start": 1551827842443,
    "end": 1551827842647,
    "duration": 204,
    "pid": 15012,
    "index": 30
  },
  {
    "name": "Require(24) node_modules/egg-jsonp/app/extend/context.js",
    "start": 1551827842444,
    "end": 1551827842447,
    "duration": 3,
    "pid": 15012,
    "index": 31
  },
  {
    "name": "Require(25) node_modules/egg-i18n/app/extend/context.js",
    "start": 1551827842461,
    "end": 1551827842463,
    "duration": 2,
    "pid": 15012,
    "index": 32
  },
  {
    "name": "Require(26) node_modules/egg-multipart/app/extend/context.js",
    "start": 1551827842464,
    "end": 1551827842625,
    "duration": 161,
    "pid": 15012,
    "index": 33
  },
  {
    "name": "Require(27) node_modules/egg-view/app/extend/context.js",
    "start": 1551827842626,
    "end": 1551827842638,
    "duration": 12,
    "pid": 15012,
    "index": 34
  },
  {
    "name": "Require(28) node_modules/egg/app/extend/context.js",
    "start": 1551827842639,
    "end": 1551827842644,
    "duration": 5,
    "pid": 15012,
    "index": 35
  },
  {
    "name": "Load extend/helper.js",
    "start": 1551827842647,
    "end": 1551827842652,
    "duration": 5,
    "pid": 15012,
    "index": 36
  },
  {
    "name": "Require(29) node_modules/egg/app/extend/helper.js",
    "start": 1551827842649,
    "end": 1551827842650,
    "duration": 1,
    "pid": 15012,
    "index": 37
  },
  {
    "name": "Load app.js",
    "start": 1551827842652,
    "end": 1551827842870,
    "duration": 218,
    "pid": 15012,
    "index": 38
  },
  {
    "name": "Require(30) node_modules/egg-session/app.js",
    "start": 1551827842652,
    "end": 1551827842653,
    "duration": 1,
    "pid": 15012,
    "index": 39
  },
  {
    "name": "Require(31) node_modules/egg-onerror/app.js",
    "start": 1551827842653,
    "end": 1551827842705,
    "duration": 52,
    "pid": 15012,
    "index": 40
  },
  {
    "name": "Require(32) node_modules/egg-i18n/app.js",
    "start": 1551827842705,
    "end": 1551827842822,
    "duration": 117,
    "pid": 15012,
    "index": 41
  },
  {
    "name": "Require(33) node_modules/egg-watcher/app.js",
    "start": 1551827842822,
    "end": 1551827842827,
    "duration": 5,
    "pid": 15012,
    "index": 42
  },
  {
    "name": "Require(34) node_modules/egg-schedule/app.js",
    "start": 1551827842827,
    "end": 1551827842851,
    "duration": 24,
    "pid": 15012,
    "index": 43
  },
  {
    "name": "Require(35) node_modules/egg-multipart/app.js",
    "start": 1551827842851,
    "end": 1551827842865,
    "duration": 14,
    "pid": 15012,
    "index": 44
  },
  {
    "name": "Require(36) node_modules/egg-development/app.js",
    "start": 1551827842865,
    "end": 1551827842866,
    "duration": 1,
    "pid": 15012,
    "index": 45
  },
  {
    "name": "Require(37) node_modules/egg-logrotator/app.js",
    "start": 1551827842866,
    "end": 1551827842867,
    "duration": 1,
    "pid": 15012,
    "index": 46
  },
  {
    "name": "Require(38) node_modules/egg-static/app.js",
    "start": 1551827842867,
    "end": 1551827842868,
    "duration": 1,
    "pid": 15012,
    "index": 47
  },
  {
    "name": "Require(39) node_modules/egg-cors/app.js",
    "start": 1551827842868,
    "end": 1551827842869,
    "duration": 1,
    "pid": 15012,
    "index": 48
  },
  {
    "name": "Before Start in node_modules/egg-watcher/lib/init.js:15:14",
    "start": 1551827842936,
    "end": 1551827843476,
    "duration": 540,
    "pid": 15012,
    "index": 49
  },
  {
    "name": "Load Service",
    "start": 1551827842980,
    "end": 1551827842987,
    "duration": 7,
    "pid": 15012,
    "index": 50
  },
  {
    "name": "Load \"service\" to Context",
    "start": 1551827842980,
    "end": 1551827842987,
    "duration": 7,
    "pid": 15012,
    "index": 51
  },
  {
    "name": "Load Middleware",
    "start": 1551827842987,
    "end": 1551827843441,
    "duration": 454,
    "pid": 15012,
    "index": 52
  },
  {
    "name": "Load \"middlewares\" to Application",
    "start": 1551827842987,
    "end": 1551827843437,
    "duration": 450,
    "pid": 15012,
    "index": 53
  },
  {
    "name": "Load Controller",
    "start": 1551827843441,
    "end": 1551827843446,
    "duration": 5,
    "pid": 15012,
    "index": 54
  },
  {
    "name": "Load \"controller\" to Application",
    "start": 1551827843441,
    "end": 1551827843446,
    "duration": 5,
    "pid": 15012,
    "index": 55
  },
  {
    "name": "Load Router",
    "start": 1551827843446,
    "end": 1551827843451,
    "duration": 5,
    "pid": 15012,
    "index": 56
  },
  {
    "name": "Require(40) app/router.js",
    "start": 1551827843448,
    "end": 1551827843449,
    "duration": 1,
    "pid": 15012,
    "index": 57
  },
  {
    "name": "Before Start in node_modules/egg-core/lib/egg.js:287:10",
    "start": 1551827843449,
    "end": 1551827843461,
    "duration": 12,
    "pid": 15012,
    "index": 58
  }
]