[
  {
    "name": "Application Start",
    "start": 1552392529970,
    "end": 1552392530424,
    "duration": 454,
    "pid": 5076,
    "index": 0
  },
  {
    "name": "Load Plugin",
    "start": 1552392529978,
    "end": 1552392530004,
    "duration": 26,
    "pid": 5076,
    "index": 1
  },
  {
    "name": "Load Config",
    "start": 1552392530004,
    "end": 1552392530033,
    "duration": 29,
    "pid": 5076,
    "index": 2
  },
  {
    "name": "Require(0) config/config.default.js",
    "start": 1552392530005,
    "end": 1552392530006,
    "duration": 1,
    "pid": 5076,
    "index": 3
  },
  {
    "name": "Require(1) node_modules/egg-session/config/config.default.js",
    "start": 1552392530009,
    "end": 1552392530010,
    "duration": 1,
    "pid": 5076,
    "index": 4
  },
  {
    "name": "Require(2) node_modules/egg-jsonp/config/config.default.js",
    "start": 1552392530010,
    "end": 1552392530011,
    "duration": 1,
    "pid": 5076,
    "index": 5
  },
  {
    "name": "Require(3) node_modules/egg-onerror/config/config.default.js",
    "start": 1552392530012,
    "end": 1552392530012,
    "duration": 0,
    "pid": 5076,
    "index": 6
  },
  {
    "name": "Require(4) node_modules/egg-i18n/config/config.default.js",
    "start": 1552392530013,
    "end": 1552392530013,
    "duration": 0,
    "pid": 5076,
    "index": 7
  },
  {
    "name": "Require(5) node_modules/egg-watcher/config/config.default.js",
    "start": 1552392530014,
    "end": 1552392530015,
    "duration": 1,
    "pid": 5076,
    "index": 8
  },
  {
    "name": "Require(6) node_modules/egg-schedule/config/config.default.js",
    "start": 1552392530015,
    "end": 1552392530016,
    "duration": 1,
    "pid": 5076,
    "index": 9
  },
  {
    "name": "Require(7) node_modules/egg-multipart/config/config.default.js",
    "start": 1552392530017,
    "end": 1552392530018,
    "duration": 1,
    "pid": 5076,
    "index": 10
  },
  {
    "name": "Require(8) node_modules/egg-development/config/config.default.js",
    "start": 1552392530018,
    "end": 1552392530019,
    "duration": 1,
    "pid": 5076,
    "index": 11
  },
  {
    "name": "Require(9) node_modules/egg-logrotator/config/config.default.js",
    "start": 1552392530019,
    "end": 1552392530020,
    "duration": 1,
    "pid": 5076,
    "index": 12
  },
  {
    "name": "Require(10) node_modules/egg-static/config/config.default.js",
    "start": 1552392530020,
    "end": 1552392530021,
    "duration": 1,
    "pid": 5076,
    "index": 13
  },
  {
    "name": "Require(11) node_modules/egg-view/config/config.default.js",
    "start": 1552392530022,
    "end": 1552392530023,
    "duration": 1,
    "pid": 5076,
    "index": 14
  },
  {
    "name": "Require(12) node_modules/egg-cors/config/config.default.js",
    "start": 1552392530023,
    "end": 1552392530024,
    "duration": 1,
    "pid": 5076,
    "index": 15
  },
  {
    "name": "Require(13) node_modules/egg/config/config.default.js",
    "start": 1552392530025,
    "end": 1552392530026,
    "duration": 1,
    "pid": 5076,
    "index": 16
  },
  {
    "name": "Require(14) config/config.default.js",
    "start": 1552392530028,
    "end": 1552392530028,
    "duration": 0,
    "pid": 5076,
    "index": 17
  },
  {
    "name": "Require(15) node_modules/egg-watcher/config/config.local.js",
    "start": 1552392530029,
    "end": 1552392530030,
    "duration": 1,
    "pid": 5076,
    "index": 18
  },
  {
    "name": "Require(16) node_modules/egg-view/config/config.local.js",
    "start": 1552392530031,
    "end": 1552392530032,
    "duration": 1,
    "pid": 5076,
    "index": 19
  },
  {
    "name": "Require(17) node_modules/egg/config/config.local.js",
    "start": 1552392530033,
    "end": 1552392530033,
    "duration": 0,
    "pid": 5076,
    "index": 20
  },
  {
    "name": "Load extend/application.js",
    "start": 1552392530035,
    "end": 1552392530048,
    "duration": 13,
    "pid": 5076,
    "index": 21
  },
  {
    "name": "Require(18) node_modules/egg-session/app/extend/application.js",
    "start": 1552392530036,
    "end": 1552392530036,
    "duration": 0,
    "pid": 5076,
    "index": 22
  },
  {
    "name": "Require(19) node_modules/egg-jsonp/app/extend/application.js",
    "start": 1552392530037,
    "end": 1552392530039,
    "duration": 2,
    "pid": 5076,
    "index": 23
  },
  {
    "name": "Require(20) node_modules/egg-logrotator/app/extend/application.js",
    "start": 1552392530041,
    "end": 1552392530043,
    "duration": 2,
    "pid": 5076,
    "index": 24
  },
  {
    "name": "Require(21) node_modules/egg-view/app/extend/application.js",
    "start": 1552392530044,
    "end": 1552392530046,
    "duration": 2,
    "pid": 5076,
    "index": 25
  },
  {
    "name": "Load extend/request.js",
    "start": 1552392530048,
    "end": 1552392530055,
    "duration": 7,
    "pid": 5076,
    "index": 26
  },
  {
    "name": "Require(22) node_modules/egg/app/extend/request.js",
    "start": 1552392530051,
    "end": 1552392530053,
    "duration": 2,
    "pid": 5076,
    "index": 27
  },
  {
    "name": "Load extend/response.js",
    "start": 1552392530055,
    "end": 1552392530060,
    "duration": 5,
    "pid": 5076,
    "index": 28
  },
  {
    "name": "Require(23) node_modules/egg/app/extend/response.js",
    "start": 1552392530057,
    "end": 1552392530058,
    "duration": 1,
    "pid": 5076,
    "index": 29
  },
  {
    "name": "Load extend/context.js",
    "start": 1552392530060,
    "end": 1552392530125,
    "duration": 65,
    "pid": 5076,
    "index": 30
  },
  {
    "name": "Require(24) node_modules/egg-jsonp/app/extend/context.js",
    "start": 1552392530061,
    "end": 1552392530063,
    "duration": 2,
    "pid": 5076,
    "index": 31
  },
  {
    "name": "Require(25) node_modules/egg-i18n/app/extend/context.js",
    "start": 1552392530063,
    "end": 1552392530065,
    "duration": 2,
    "pid": 5076,
    "index": 32
  },
  {
    "name": "Require(26) node_modules/egg-multipart/app/extend/context.js",
    "start": 1552392530066,
    "end": 1552392530117,
    "duration": 51,
    "pid": 5076,
    "index": 33
  },
  {
    "name": "Require(27) node_modules/egg-view/app/extend/context.js",
    "start": 1552392530117,
    "end": 1552392530119,
    "duration": 2,
    "pid": 5076,
    "index": 34
  },
  {
    "name": "Require(28) node_modules/egg/app/extend/context.js",
    "start": 1552392530119,
    "end": 1552392530121,
    "duration": 2,
    "pid": 5076,
    "index": 35
  },
  {
    "name": "Load extend/helper.js",
    "start": 1552392530125,
    "end": 1552392530130,
    "duration": 5,
    "pid": 5076,
    "index": 36
  },
  {
    "name": "Require(29) node_modules/egg/app/extend/helper.js",
    "start": 1552392530128,
    "end": 1552392530128,
    "duration": 0,
    "pid": 5076,
    "index": 37
  },
  {
    "name": "Load app.js",
    "start": 1552392530130,
    "end": 1552392530200,
    "duration": 70,
    "pid": 5076,
    "index": 38
  },
  {
    "name": "Require(30) node_modules/egg-session/app.js",
    "start": 1552392530131,
    "end": 1552392530131,
    "duration": 0,
    "pid": 5076,
    "index": 39
  },
  {
    "name": "Require(31) node_modules/egg-onerror/app.js",
    "start": 1552392530132,
    "end": 1552392530151,
    "duration": 19,
    "pid": 5076,
    "index": 40
  },
  {
    "name": "Require(32) node_modules/egg-i18n/app.js",
    "start": 1552392530151,
    "end": 1552392530182,
    "duration": 31,
    "pid": 5076,
    "index": 41
  },
  {
    "name": "Require(33) node_modules/egg-watcher/app.js",
    "start": 1552392530183,
    "end": 1552392530188,
    "duration": 5,
    "pid": 5076,
    "index": 42
  },
  {
    "name": "Require(34) node_modules/egg-schedule/app.js",
    "start": 1552392530188,
    "end": 1552392530190,
    "duration": 2,
    "pid": 5076,
    "index": 43
  },
  {
    "name": "Require(35) node_modules/egg-multipart/app.js",
    "start": 1552392530190,
    "end": 1552392530195,
    "duration": 5,
    "pid": 5076,
    "index": 44
  },
  {
    "name": "Require(36) node_modules/egg-development/app.js",
    "start": 1552392530195,
    "end": 1552392530196,
    "duration": 1,
    "pid": 5076,
    "index": 45
  },
  {
    "name": "Require(37) node_modules/egg-logrotator/app.js",
    "start": 1552392530196,
    "end": 1552392530196,
    "duration": 0,
    "pid": 5076,
    "index": 46
  },
  {
    "name": "Require(38) node_modules/egg-static/app.js",
    "start": 1552392530197,
    "end": 1552392530197,
    "duration": 0,
    "pid": 5076,
    "index": 47
  },
  {
    "name": "Require(39) node_modules/egg-cors/app.js",
    "start": 1552392530198,
    "end": 1552392530198,
    "duration": 0,
    "pid": 5076,
    "index": 48
  },
  {
    "name": "Before Start in node_modules/egg-watcher/lib/init.js:15:14",
    "start": 1552392530217,
    "end": 1552392530423,
    "duration": 206,
    "pid": 5076,
    "index": 49
  },
  {
    "name": "Load Service",
    "start": 1552392530267,
    "end": 1552392530276,
    "duration": 9,
    "pid": 5076,
    "index": 50
  },
  {
    "name": "Load \"service\" to Context",
    "start": 1552392530267,
    "end": 1552392530276,
    "duration": 9,
    "pid": 5076,
    "index": 51
  },
  {
    "name": "Load Middleware",
    "start": 1552392530277,
    "end": 1552392530387,
    "duration": 110,
    "pid": 5076,
    "index": 52
  },
  {
    "name": "Load \"middlewares\" to Application",
    "start": 1552392530277,
    "end": 1552392530383,
    "duration": 106,
    "pid": 5076,
    "index": 53
  },
  {
    "name": "Load Controller",
    "start": 1552392530387,
    "end": 1552392530395,
    "duration": 8,
    "pid": 5076,
    "index": 54
  },
  {
    "name": "Load \"controller\" to Application",
    "start": 1552392530387,
    "end": 1552392530395,
    "duration": 8,
    "pid": 5076,
    "index": 55
  },
  {
    "name": "Load Router",
    "start": 1552392530395,
    "end": 1552392530400,
    "duration": 5,
    "pid": 5076,
    "index": 56
  },
  {
    "name": "Require(40) app/router.js",
    "start": 1552392530395,
    "end": 1552392530398,
    "duration": 3,
    "pid": 5076,
    "index": 57
  },
  {
    "name": "Before Start in node_modules/egg-core/lib/egg.js:287:10",
    "start": 1552392530398,
    "end": 1552392530412,
    "duration": 14,
    "pid": 5076,
    "index": 58
  }
]