[
  {
    "name": "Application Start",
    "start": 1552392503798,
    "end": 1552392504241,
    "duration": 443,
    "pid": 18576,
    "index": 0
  },
  {
    "name": "Load Plugin",
    "start": 1552392503805,
    "end": 1552392503827,
    "duration": 22,
    "pid": 18576,
    "index": 1
  },
  {
    "name": "Load Config",
    "start": 1552392503828,
    "end": 1552392503855,
    "duration": 27,
    "pid": 18576,
    "index": 2
  },
  {
    "name": "Require(0) config/config.default.js",
    "start": 1552392503828,
    "end": 1552392503829,
    "duration": 1,
    "pid": 18576,
    "index": 3
  },
  {
    "name": "Require(1) node_modules/egg-session/config/config.default.js",
    "start": 1552392503831,
    "end": 1552392503832,
    "duration": 1,
    "pid": 18576,
    "index": 4
  },
  {
    "name": "Require(2) node_modules/egg-jsonp/config/config.default.js",
    "start": 1552392503832,
    "end": 1552392503833,
    "duration": 1,
    "pid": 18576,
    "index": 5
  },
  {
    "name": "Require(3) node_modules/egg-onerror/config/config.default.js",
    "start": 1552392503833,
    "end": 1552392503834,
    "duration": 1,
    "pid": 18576,
    "index": 6
  },
  {
    "name": "Require(4) node_modules/egg-i18n/config/config.default.js",
    "start": 1552392503834,
    "end": 1552392503836,
    "duration": 2,
    "pid": 18576,
    "index": 7
  },
  {
    "name": "Require(5) node_modules/egg-watcher/config/config.default.js",
    "start": 1552392503837,
    "end": 1552392503837,
    "duration": 0,
    "pid": 18576,
    "index": 8
  },
  {
    "name": "Require(6) node_modules/egg-schedule/config/config.default.js",
    "start": 1552392503838,
    "end": 1552392503839,
    "duration": 1,
    "pid": 18576,
    "index": 9
  },
  {
    "name": "Require(7) node_modules/egg-multipart/config/config.default.js",
    "start": 1552392503839,
    "end": 1552392503841,
    "duration": 2,
    "pid": 18576,
    "index": 10
  },
  {
    "name": "Require(8) node_modules/egg-development/config/config.default.js",
    "start": 1552392503842,
    "end": 1552392503842,
    "duration": 0,
    "pid": 18576,
    "index": 11
  },
  {
    "name": "Require(9) node_modules/egg-logrotator/config/config.default.js",
    "start": 1552392503843,
    "end": 1552392503844,
    "duration": 1,
    "pid": 18576,
    "index": 12
  },
  {
    "name": "Require(10) node_modules/egg-static/config/config.default.js",
    "start": 1552392503844,
    "end": 1552392503845,
    "duration": 1,
    "pid": 18576,
    "index": 13
  },
  {
    "name": "Require(11) node_modules/egg-view/config/config.default.js",
    "start": 1552392503845,
    "end": 1552392503846,
    "duration": 1,
    "pid": 18576,
    "index": 14
  },
  {
    "name": "Require(12) node_modules/egg-cors/config/config.default.js",
    "start": 1552392503846,
    "end": 1552392503847,
    "duration": 1,
    "pid": 18576,
    "index": 15
  },
  {
    "name": "Require(13) node_modules/egg/config/config.default.js",
    "start": 1552392503847,
    "end": 1552392503848,
    "duration": 1,
    "pid": 18576,
    "index": 16
  },
  {
    "name": "Require(14) config/config.default.js",
    "start": 1552392503850,
    "end": 1552392503850,
    "duration": 0,
    "pid": 18576,
    "index": 17
  },
  {
    "name": "Require(15) node_modules/egg-watcher/config/config.local.js",
    "start": 1552392503851,
    "end": 1552392503852,
    "duration": 1,
    "pid": 18576,
    "index": 18
  },
  {
    "name": "Require(16) node_modules/egg-view/config/config.local.js",
    "start": 1552392503853,
    "end": 1552392503853,
    "duration": 0,
    "pid": 18576,
    "index": 19
  },
  {
    "name": "Require(17) node_modules/egg/config/config.local.js",
    "start": 1552392503854,
    "end": 1552392503855,
    "duration": 1,
    "pid": 18576,
    "index": 20
  },
  {
    "name": "Load extend/application.js",
    "start": 1552392503856,
    "end": 1552392503869,
    "duration": 13,
    "pid": 18576,
    "index": 21
  },
  {
    "name": "Require(18) node_modules/egg-session/app/extend/application.js",
    "start": 1552392503857,
    "end": 1552392503858,
    "duration": 1,
    "pid": 18576,
    "index": 22
  },
  {
    "name": "Require(19) node_modules/egg-jsonp/app/extend/application.js",
    "start": 1552392503858,
    "end": 1552392503861,
    "duration": 3,
    "pid": 18576,
    "index": 23
  },
  {
    "name": "Require(20) node_modules/egg-logrotator/app/extend/application.js",
    "start": 1552392503862,
    "end": 1552392503864,
    "duration": 2,
    "pid": 18576,
    "index": 24
  },
  {
    "name": "Require(21) node_modules/egg-view/app/extend/application.js",
    "start": 1552392503865,
    "end": 1552392503867,
    "duration": 2,
    "pid": 18576,
    "index": 25
  },
  {
    "name": "Load extend/request.js",
    "start": 1552392503869,
    "end": 1552392503874,
    "duration": 5,
    "pid": 18576,
    "index": 26
  },
  {
    "name": "Require(22) node_modules/egg/app/extend/request.js",
    "start": 1552392503871,
    "end": 1552392503872,
    "duration": 1,
    "pid": 18576,
    "index": 27
  },
  {
    "name": "Load extend/response.js",
    "start": 1552392503874,
    "end": 1552392503880,
    "duration": 6,
    "pid": 18576,
    "index": 28
  },
  {
    "name": "Require(23) node_modules/egg/app/extend/response.js",
    "start": 1552392503876,
    "end": 1552392503878,
    "duration": 2,
    "pid": 18576,
    "index": 29
  },
  {
    "name": "Load extend/context.js",
    "start": 1552392503880,
    "end": 1552392503945,
    "duration": 65,
    "pid": 18576,
    "index": 30
  },
  {
    "name": "Require(24) node_modules/egg-jsonp/app/extend/context.js",
    "start": 1552392503880,
    "end": 1552392503882,
    "duration": 2,
    "pid": 18576,
    "index": 31
  },
  {
    "name": "Require(25) node_modules/egg-i18n/app/extend/context.js",
    "start": 1552392503882,
    "end": 1552392503885,
    "duration": 3,
    "pid": 18576,
    "index": 32
  },
  {
    "name": "Require(26) node_modules/egg-multipart/app/extend/context.js",
    "start": 1552392503885,
    "end": 1552392503936,
    "duration": 51,
    "pid": 18576,
    "index": 33
  },
  {
    "name": "Require(27) node_modules/egg-view/app/extend/context.js",
    "start": 1552392503937,
    "end": 1552392503940,
    "duration": 3,
    "pid": 18576,
    "index": 34
  },
  {
    "name": "Require(28) node_modules/egg/app/extend/context.js",
    "start": 1552392503941,
    "end": 1552392503943,
    "duration": 2,
    "pid": 18576,
    "index": 35
  },
  {
    "name": "Load extend/helper.js",
    "start": 1552392503946,
    "end": 1552392503951,
    "duration": 5,
    "pid": 18576,
    "index": 36
  },
  {
    "name": "Require(29) node_modules/egg/app/extend/helper.js",
    "start": 1552392503949,
    "end": 1552392503950,
    "duration": 1,
    "pid": 18576,
    "index": 37
  },
  {
    "name": "Load app.js",
    "start": 1552392503952,
    "end": 1552392504009,
    "duration": 57,
    "pid": 18576,
    "index": 38
  },
  {
    "name": "Require(30) node_modules/egg-session/app.js",
    "start": 1552392503952,
    "end": 1552392503953,
    "duration": 1,
    "pid": 18576,
    "index": 39
  },
  {
    "name": "Require(31) node_modules/egg-onerror/app.js",
    "start": 1552392503953,
    "end": 1552392503966,
    "duration": 13,
    "pid": 18576,
    "index": 40
  },
  {
    "name": "Require(32) node_modules/egg-i18n/app.js",
    "start": 1552392503966,
    "end": 1552392503991,
    "duration": 25,
    "pid": 18576,
    "index": 41
  },
  {
    "name": "Require(33) node_modules/egg-watcher/app.js",
    "start": 1552392503991,
    "end": 1552392503996,
    "duration": 5,
    "pid": 18576,
    "index": 42
  },
  {
    "name": "Require(34) node_modules/egg-schedule/app.js",
    "start": 1552392503996,
    "end": 1552392503998,
    "duration": 2,
    "pid": 18576,
    "index": 43
  },
  {
    "name": "Require(35) node_modules/egg-multipart/app.js",
    "start": 1552392503998,
    "end": 1552392504002,
    "duration": 4,
    "pid": 18576,
    "index": 44
  },
  {
    "name": "Require(36) node_modules/egg-development/app.js",
    "start": 1552392504003,
    "end": 1552392504003,
    "duration": 0,
    "pid": 18576,
    "index": 45
  },
  {
    "name": "Require(37) node_modules/egg-logrotator/app.js",
    "start": 1552392504004,
    "end": 1552392504005,
    "duration": 1,
    "pid": 18576,
    "index": 46
  },
  {
    "name": "Require(38) node_modules/egg-static/app.js",
    "start": 1552392504005,
    "end": 1552392504006,
    "duration": 1,
    "pid": 18576,
    "index": 47
  },
  {
    "name": "Require(39) node_modules/egg-cors/app.js",
    "start": 1552392504007,
    "end": 1552392504008,
    "duration": 1,
    "pid": 18576,
    "index": 48
  },
  {
    "name": "Before Start in node_modules/egg-watcher/lib/init.js:15:14",
    "start": 1552392504023,
    "end": 1552392504241,
    "duration": 218,
    "pid": 18576,
    "index": 49
  },
  {
    "name": "Load Service",
    "start": 1552392504072,
    "end": 1552392504080,
    "duration": 8,
    "pid": 18576,
    "index": 50
  },
  {
    "name": "Load \"service\" to Context",
    "start": 1552392504072,
    "end": 1552392504080,
    "duration": 8,
    "pid": 18576,
    "index": 51
  },
  {
    "name": "Load Middleware",
    "start": 1552392504080,
    "end": 1552392504205,
    "duration": 125,
    "pid": 18576,
    "index": 52
  },
  {
    "name": "Load \"middlewares\" to Application",
    "start": 1552392504081,
    "end": 1552392504201,
    "duration": 120,
    "pid": 18576,
    "index": 53
  },
  {
    "name": "Load Controller",
    "start": 1552392504205,
    "end": 1552392504213,
    "duration": 8,
    "pid": 18576,
    "index": 54
  },
  {
    "name": "Load \"controller\" to Application",
    "start": 1552392504205,
    "end": 1552392504213,
    "duration": 8,
    "pid": 18576,
    "index": 55
  },
  {
    "name": "Load Router",
    "start": 1552392504213,
    "end": 1552392504219,
    "duration": 6,
    "pid": 18576,
    "index": 56
  },
  {
    "name": "Require(40) app/router.js",
    "start": 1552392504215,
    "end": 1552392504216,
    "duration": 1,
    "pid": 18576,
    "index": 57
  },
  {
    "name": "Before Start in node_modules/egg-core/lib/egg.js:287:10",
    "start": 1552392504217,
    "end": 1552392504229,
    "duration": 12,
    "pid": 18576,
    "index": 58
  }
]