[
  {
    "name": "Application Start",
    "start": 1552392763175,
    "end": 1552392763611,
    "duration": 436,
    "pid": 16312,
    "index": 0
  },
  {
    "name": "Load Plugin",
    "start": 1552392763181,
    "end": 1552392763201,
    "duration": 20,
    "pid": 16312,
    "index": 1
  },
  {
    "name": "Load Config",
    "start": 1552392763202,
    "end": 1552392763234,
    "duration": 32,
    "pid": 16312,
    "index": 2
  },
  {
    "name": "Require(0) config/config.default.js",
    "start": 1552392763203,
    "end": 1552392763204,
    "duration": 1,
    "pid": 16312,
    "index": 3
  },
  {
    "name": "Require(1) node_modules/egg-session/config/config.default.js",
    "start": 1552392763206,
    "end": 1552392763208,
    "duration": 2,
    "pid": 16312,
    "index": 4
  },
  {
    "name": "Require(2) node_modules/egg-jsonp/config/config.default.js",
    "start": 1552392763208,
    "end": 1552392763209,
    "duration": 1,
    "pid": 16312,
    "index": 5
  },
  {
    "name": "Require(3) node_modules/egg-onerror/config/config.default.js",
    "start": 1552392763210,
    "end": 1552392763212,
    "duration": 2,
    "pid": 16312,
    "index": 6
  },
  {
    "name": "Require(4) node_modules/egg-i18n/config/config.default.js",
    "start": 1552392763213,
    "end": 1552392763214,
    "duration": 1,
    "pid": 16312,
    "index": 7
  },
  {
    "name": "Require(5) node_modules/egg-watcher/config/config.default.js",
    "start": 1552392763215,
    "end": 1552392763216,
    "duration": 1,
    "pid": 16312,
    "index": 8
  },
  {
    "name": "Require(6) node_modules/egg-schedule/config/config.default.js",
    "start": 1552392763216,
    "end": 1552392763218,
    "duration": 2,
    "pid": 16312,
    "index": 9
  },
  {
    "name": "Require(7) node_modules/egg-multipart/config/config.default.js",
    "start": 1552392763219,
    "end": 1552392763220,
    "duration": 1,
    "pid": 16312,
    "index": 10
  },
  {
    "name": "Require(8) node_modules/egg-development/config/config.default.js",
    "start": 1552392763221,
    "end": 1552392763221,
    "duration": 0,
    "pid": 16312,
    "index": 11
  },
  {
    "name": "Require(9) node_modules/egg-logrotator/config/config.default.js",
    "start": 1552392763222,
    "end": 1552392763223,
    "duration": 1,
    "pid": 16312,
    "index": 12
  },
  {
    "name": "Require(10) node_modules/egg-static/config/config.default.js",
    "start": 1552392763223,
    "end": 1552392763224,
    "duration": 1,
    "pid": 16312,
    "index": 13
  },
  {
    "name": "Require(11) node_modules/egg-view/config/config.default.js",
    "start": 1552392763224,
    "end": 1552392763225,
    "duration": 1,
    "pid": 16312,
    "index": 14
  },
  {
    "name": "Require(12) node_modules/egg-cors/config/config.default.js",
    "start": 1552392763225,
    "end": 1552392763226,
    "duration": 1,
    "pid": 16312,
    "index": 15
  },
  {
    "name": "Require(13) node_modules/egg/config/config.default.js",
    "start": 1552392763226,
    "end": 1552392763227,
    "duration": 1,
    "pid": 16312,
    "index": 16
  },
  {
    "name": "Require(14) config/config.default.js",
    "start": 1552392763229,
    "end": 1552392763229,
    "duration": 0,
    "pid": 16312,
    "index": 17
  },
  {
    "name": "Require(15) node_modules/egg-watcher/config/config.local.js",
    "start": 1552392763230,
    "end": 1552392763231,
    "duration": 1,
    "pid": 16312,
    "index": 18
  },
  {
    "name": "Require(16) node_modules/egg-view/config/config.local.js",
    "start": 1552392763232,
    "end": 1552392763232,
    "duration": 0,
    "pid": 16312,
    "index": 19
  },
  {
    "name": "Require(17) node_modules/egg/config/config.local.js",
    "start": 1552392763233,
    "end": 1552392763233,
    "duration": 0,
    "pid": 16312,
    "index": 20
  },
  {
    "name": "Load extend/application.js",
    "start": 1552392763236,
    "end": 1552392763251,
    "duration": 15,
    "pid": 16312,
    "index": 21
  },
  {
    "name": "Require(18) node_modules/egg-session/app/extend/application.js",
    "start": 1552392763237,
    "end": 1552392763238,
    "duration": 1,
    "pid": 16312,
    "index": 22
  },
  {
    "name": "Require(19) node_modules/egg-jsonp/app/extend/application.js",
    "start": 1552392763238,
    "end": 1552392763241,
    "duration": 3,
    "pid": 16312,
    "index": 23
  },
  {
    "name": "Require(20) node_modules/egg-logrotator/app/extend/application.js",
    "start": 1552392763242,
    "end": 1552392763245,
    "duration": 3,
    "pid": 16312,
    "index": 24
  },
  {
    "name": "Require(21) node_modules/egg-view/app/extend/application.js",
    "start": 1552392763245,
    "end": 1552392763248,
    "duration": 3,
    "pid": 16312,
    "index": 25
  },
  {
    "name": "Load extend/request.js",
    "start": 1552392763251,
    "end": 1552392763259,
    "duration": 8,
    "pid": 16312,
    "index": 26
  },
  {
    "name": "Require(22) node_modules/egg/app/extend/request.js",
    "start": 1552392763254,
    "end": 1552392763256,
    "duration": 2,
    "pid": 16312,
    "index": 27
  },
  {
    "name": "Load extend/response.js",
    "start": 1552392763259,
    "end": 1552392763265,
    "duration": 6,
    "pid": 16312,
    "index": 28
  },
  {
    "name": "Require(23) node_modules/egg/app/extend/response.js",
    "start": 1552392763261,
    "end": 1552392763263,
    "duration": 2,
    "pid": 16312,
    "index": 29
  },
  {
    "name": "Load extend/context.js",
    "start": 1552392763265,
    "end": 1552392763330,
    "duration": 65,
    "pid": 16312,
    "index": 30
  },
  {
    "name": "Require(24) node_modules/egg-jsonp/app/extend/context.js",
    "start": 1552392763265,
    "end": 1552392763268,
    "duration": 3,
    "pid": 16312,
    "index": 31
  },
  {
    "name": "Require(25) node_modules/egg-i18n/app/extend/context.js",
    "start": 1552392763269,
    "end": 1552392763271,
    "duration": 2,
    "pid": 16312,
    "index": 32
  },
  {
    "name": "Require(26) node_modules/egg-multipart/app/extend/context.js",
    "start": 1552392763272,
    "end": 1552392763323,
    "duration": 51,
    "pid": 16312,
    "index": 33
  },
  {
    "name": "Require(27) node_modules/egg-view/app/extend/context.js",
    "start": 1552392763324,
    "end": 1552392763326,
    "duration": 2,
    "pid": 16312,
    "index": 34
  },
  {
    "name": "Require(28) node_modules/egg/app/extend/context.js",
    "start": 1552392763326,
    "end": 1552392763328,
    "duration": 2,
    "pid": 16312,
    "index": 35
  },
  {
    "name": "Load extend/helper.js",
    "start": 1552392763331,
    "end": 1552392763335,
    "duration": 4,
    "pid": 16312,
    "index": 36
  },
  {
    "name": "Require(29) node_modules/egg/app/extend/helper.js",
    "start": 1552392763332,
    "end": 1552392763333,
    "duration": 1,
    "pid": 16312,
    "index": 37
  },
  {
    "name": "Load app.js",
    "start": 1552392763335,
    "end": 1552392763389,
    "duration": 54,
    "pid": 16312,
    "index": 38
  },
  {
    "name": "Require(30) node_modules/egg-session/app.js",
    "start": 1552392763335,
    "end": 1552392763336,
    "duration": 1,
    "pid": 16312,
    "index": 39
  },
  {
    "name": "Require(31) node_modules/egg-onerror/app.js",
    "start": 1552392763336,
    "end": 1552392763351,
    "duration": 15,
    "pid": 16312,
    "index": 40
  },
  {
    "name": "Require(32) node_modules/egg-i18n/app.js",
    "start": 1552392763352,
    "end": 1552392763372,
    "duration": 20,
    "pid": 16312,
    "index": 41
  },
  {
    "name": "Require(33) node_modules/egg-watcher/app.js",
    "start": 1552392763373,
    "end": 1552392763378,
    "duration": 5,
    "pid": 16312,
    "index": 42
  },
  {
    "name": "Require(34) node_modules/egg-schedule/app.js",
    "start": 1552392763378,
    "end": 1552392763380,
    "duration": 2,
    "pid": 16312,
    "index": 43
  },
  {
    "name": "Require(35) node_modules/egg-multipart/app.js",
    "start": 1552392763380,
    "end": 1552392763384,
    "duration": 4,
    "pid": 16312,
    "index": 44
  },
  {
    "name": "Require(36) node_modules/egg-development/app.js",
    "start": 1552392763384,
    "end": 1552392763385,
    "duration": 1,
    "pid": 16312,
    "index": 45
  },
  {
    "name": "Require(37) node_modules/egg-logrotator/app.js",
    "start": 1552392763385,
    "end": 1552392763386,
    "duration": 1,
    "pid": 16312,
    "index": 46
  },
  {
    "name": "Require(38) node_modules/egg-static/app.js",
    "start": 1552392763386,
    "end": 1552392763387,
    "duration": 1,
    "pid": 16312,
    "index": 47
  },
  {
    "name": "Require(39) node_modules/egg-cors/app.js",
    "start": 1552392763387,
    "end": 1552392763388,
    "duration": 1,
    "pid": 16312,
    "index": 48
  },
  {
    "name": "Before Start in node_modules/egg-watcher/lib/init.js:15:14",
    "start": 1552392763403,
    "end": 1552392763610,
    "duration": 207,
    "pid": 16312,
    "index": 49
  },
  {
    "name": "Load Service",
    "start": 1552392763450,
    "end": 1552392763458,
    "duration": 8,
    "pid": 16312,
    "index": 50
  },
  {
    "name": "Load \"service\" to Context",
    "start": 1552392763450,
    "end": 1552392763458,
    "duration": 8,
    "pid": 16312,
    "index": 51
  },
  {
    "name": "Load Middleware",
    "start": 1552392763458,
    "end": 1552392763574,
    "duration": 116,
    "pid": 16312,
    "index": 52
  },
  {
    "name": "Load \"middlewares\" to Application",
    "start": 1552392763458,
    "end": 1552392763570,
    "duration": 112,
    "pid": 16312,
    "index": 53
  },
  {
    "name": "Load Controller",
    "start": 1552392763574,
    "end": 1552392763585,
    "duration": 11,
    "pid": 16312,
    "index": 54
  },
  {
    "name": "Load \"controller\" to Application",
    "start": 1552392763574,
    "end": 1552392763585,
    "duration": 11,
    "pid": 16312,
    "index": 55
  },
  {
    "name": "Load Router",
    "start": 1552392763585,
    "end": 1552392763589,
    "duration": 4,
    "pid": 16312,
    "index": 56
  },
  {
    "name": "Require(40) app/router.js",
    "start": 1552392763585,
    "end": 1552392763586,
    "duration": 1,
    "pid": 16312,
    "index": 57
  },
  {
    "name": "Before Start in node_modules/egg-core/lib/egg.js:287:10",
    "start": 1552392763587,
    "end": 1552392763599,
    "duration": 12,
    "pid": 16312,
    "index": 58
  }
]