[
  {
    "name": "Application Start",
    "start": 1552393920553,
    "end": 1552393920965,
    "duration": 412,
    "pid": 16000,
    "index": 0
  },
  {
    "name": "Load Plugin",
    "start": 1552393920559,
    "end": 1552393920577,
    "duration": 18,
    "pid": 16000,
    "index": 1
  },
  {
    "name": "Load Config",
    "start": 1552393920577,
    "end": 1552393920600,
    "duration": 23,
    "pid": 16000,
    "index": 2
  },
  {
    "name": "Require(0) config/config.default.js",
    "start": 1552393920578,
    "end": 1552393920578,
    "duration": 0,
    "pid": 16000,
    "index": 3
  },
  {
    "name": "Require(1) node_modules/egg-session/config/config.default.js",
    "start": 1552393920580,
    "end": 1552393920581,
    "duration": 1,
    "pid": 16000,
    "index": 4
  },
  {
    "name": "Require(2) node_modules/egg-jsonp/config/config.default.js",
    "start": 1552393920581,
    "end": 1552393920582,
    "duration": 1,
    "pid": 16000,
    "index": 5
  },
  {
    "name": "Require(3) node_modules/egg-onerror/config/config.default.js",
    "start": 1552393920582,
    "end": 1552393920583,
    "duration": 1,
    "pid": 16000,
    "index": 6
  },
  {
    "name": "Require(4) node_modules/egg-i18n/config/config.default.js",
    "start": 1552393920583,
    "end": 1552393920584,
    "duration": 1,
    "pid": 16000,
    "index": 7
  },
  {
    "name": "Require(5) node_modules/egg-watcher/config/config.default.js",
    "start": 1552393920584,
    "end": 1552393920584,
    "duration": 0,
    "pid": 16000,
    "index": 8
  },
  {
    "name": "Require(6) node_modules/egg-schedule/config/config.default.js",
    "start": 1552393920585,
    "end": 1552393920585,
    "duration": 0,
    "pid": 16000,
    "index": 9
  },
  {
    "name": "Require(7) node_modules/egg-multipart/config/config.default.js",
    "start": 1552393920586,
    "end": 1552393920587,
    "duration": 1,
    "pid": 16000,
    "index": 10
  },
  {
    "name": "Require(8) node_modules/egg-development/config/config.default.js",
    "start": 1552393920587,
    "end": 1552393920588,
    "duration": 1,
    "pid": 16000,
    "index": 11
  },
  {
    "name": "Require(9) node_modules/egg-logrotator/config/config.default.js",
    "start": 1552393920588,
    "end": 1552393920589,
    "duration": 1,
    "pid": 16000,
    "index": 12
  },
  {
    "name": "Require(10) node_modules/egg-static/config/config.default.js",
    "start": 1552393920589,
    "end": 1552393920590,
    "duration": 1,
    "pid": 16000,
    "index": 13
  },
  {
    "name": "Require(11) node_modules/egg-view/config/config.default.js",
    "start": 1552393920591,
    "end": 1552393920591,
    "duration": 0,
    "pid": 16000,
    "index": 14
  },
  {
    "name": "Require(12) node_modules/egg-cors/config/config.default.js",
    "start": 1552393920592,
    "end": 1552393920592,
    "duration": 0,
    "pid": 16000,
    "index": 15
  },
  {
    "name": "Require(13) node_modules/egg/config/config.default.js",
    "start": 1552393920593,
    "end": 1552393920593,
    "duration": 0,
    "pid": 16000,
    "index": 16
  },
  {
    "name": "Require(14) config/config.default.js",
    "start": 1552393920596,
    "end": 1552393920596,
    "duration": 0,
    "pid": 16000,
    "index": 17
  },
  {
    "name": "Require(15) node_modules/egg-watcher/config/config.local.js",
    "start": 1552393920597,
    "end": 1552393920597,
    "duration": 0,
    "pid": 16000,
    "index": 18
  },
  {
    "name": "Require(16) node_modules/egg-view/config/config.local.js",
    "start": 1552393920598,
    "end": 1552393920599,
    "duration": 1,
    "pid": 16000,
    "index": 19
  },
  {
    "name": "Require(17) node_modules/egg/config/config.local.js",
    "start": 1552393920599,
    "end": 1552393920600,
    "duration": 1,
    "pid": 16000,
    "index": 20
  },
  {
    "name": "Load extend/application.js",
    "start": 1552393920603,
    "end": 1552393920613,
    "duration": 10,
    "pid": 16000,
    "index": 21
  },
  {
    "name": "Require(18) node_modules/egg-session/app/extend/application.js",
    "start": 1552393920603,
    "end": 1552393920603,
    "duration": 0,
    "pid": 16000,
    "index": 22
  },
  {
    "name": "Require(19) node_modules/egg-jsonp/app/extend/application.js",
    "start": 1552393920603,
    "end": 1552393920605,
    "duration": 2,
    "pid": 16000,
    "index": 23
  },
  {
    "name": "Require(20) node_modules/egg-logrotator/app/extend/application.js",
    "start": 1552393920606,
    "end": 1552393920608,
    "duration": 2,
    "pid": 16000,
    "index": 24
  },
  {
    "name": "Require(21) node_modules/egg-view/app/extend/application.js",
    "start": 1552393920609,
    "end": 1552393920611,
    "duration": 2,
    "pid": 16000,
    "index": 25
  },
  {
    "name": "Load extend/request.js",
    "start": 1552393920613,
    "end": 1552393920618,
    "duration": 5,
    "pid": 16000,
    "index": 26
  },
  {
    "name": "Require(22) node_modules/egg/app/extend/request.js",
    "start": 1552393920615,
    "end": 1552393920616,
    "duration": 1,
    "pid": 16000,
    "index": 27
  },
  {
    "name": "Load extend/response.js",
    "start": 1552393920618,
    "end": 1552393920623,
    "duration": 5,
    "pid": 16000,
    "index": 28
  },
  {
    "name": "Require(23) node_modules/egg/app/extend/response.js",
    "start": 1552393920620,
    "end": 1552393920622,
    "duration": 2,
    "pid": 16000,
    "index": 29
  },
  {
    "name": "Load extend/context.js",
    "start": 1552393920623,
    "end": 1552393920688,
    "duration": 65,
    "pid": 16000,
    "index": 30
  },
  {
    "name": "Require(24) node_modules/egg-jsonp/app/extend/context.js",
    "start": 1552393920624,
    "end": 1552393920626,
    "duration": 2,
    "pid": 16000,
    "index": 31
  },
  {
    "name": "Require(25) node_modules/egg-i18n/app/extend/context.js",
    "start": 1552393920628,
    "end": 1552393920629,
    "duration": 1,
    "pid": 16000,
    "index": 32
  },
  {
    "name": "Require(26) node_modules/egg-multipart/app/extend/context.js",
    "start": 1552393920629,
    "end": 1552393920680,
    "duration": 51,
    "pid": 16000,
    "index": 33
  },
  {
    "name": "Require(27) node_modules/egg-view/app/extend/context.js",
    "start": 1552393920682,
    "end": 1552393920683,
    "duration": 1,
    "pid": 16000,
    "index": 34
  },
  {
    "name": "Require(28) node_modules/egg/app/extend/context.js",
    "start": 1552393920683,
    "end": 1552393920685,
    "duration": 2,
    "pid": 16000,
    "index": 35
  },
  {
    "name": "Load extend/helper.js",
    "start": 1552393920688,
    "end": 1552393920694,
    "duration": 6,
    "pid": 16000,
    "index": 36
  },
  {
    "name": "Require(29) node_modules/egg/app/extend/helper.js",
    "start": 1552393920691,
    "end": 1552393920692,
    "duration": 1,
    "pid": 16000,
    "index": 37
  },
  {
    "name": "Load app.js",
    "start": 1552393920695,
    "end": 1552393920747,
    "duration": 52,
    "pid": 16000,
    "index": 38
  },
  {
    "name": "Require(30) node_modules/egg-session/app.js",
    "start": 1552393920695,
    "end": 1552393920696,
    "duration": 1,
    "pid": 16000,
    "index": 39
  },
  {
    "name": "Require(31) node_modules/egg-onerror/app.js",
    "start": 1552393920697,
    "end": 1552393920711,
    "duration": 14,
    "pid": 16000,
    "index": 40
  },
  {
    "name": "Require(32) node_modules/egg-i18n/app.js",
    "start": 1552393920711,
    "end": 1552393920733,
    "duration": 22,
    "pid": 16000,
    "index": 41
  },
  {
    "name": "Require(33) node_modules/egg-watcher/app.js",
    "start": 1552393920733,
    "end": 1552393920737,
    "duration": 4,
    "pid": 16000,
    "index": 42
  },
  {
    "name": "Require(34) node_modules/egg-schedule/app.js",
    "start": 1552393920737,
    "end": 1552393920739,
    "duration": 2,
    "pid": 16000,
    "index": 43
  },
  {
    "name": "Require(35) node_modules/egg-multipart/app.js",
    "start": 1552393920741,
    "end": 1552393920743,
    "duration": 2,
    "pid": 16000,
    "index": 44
  },
  {
    "name": "Require(36) node_modules/egg-development/app.js",
    "start": 1552393920743,
    "end": 1552393920744,
    "duration": 1,
    "pid": 16000,
    "index": 45
  },
  {
    "name": "Require(37) node_modules/egg-logrotator/app.js",
    "start": 1552393920744,
    "end": 1552393920745,
    "duration": 1,
    "pid": 16000,
    "index": 46
  },
  {
    "name": "Require(38) node_modules/egg-static/app.js",
    "start": 1552393920745,
    "end": 1552393920746,
    "duration": 1,
    "pid": 16000,
    "index": 47
  },
  {
    "name": "Require(39) node_modules/egg-cors/app.js",
    "start": 1552393920746,
    "end": 1552393920747,
    "duration": 1,
    "pid": 16000,
    "index": 48
  },
  {
    "name": "Before Start in node_modules/egg-watcher/lib/init.js:15:14",
    "start": 1552393920762,
    "end": 1552393920964,
    "duration": 202,
    "pid": 16000,
    "index": 49
  },
  {
    "name": "Load Service",
    "start": 1552393920810,
    "end": 1552393920817,
    "duration": 7,
    "pid": 16000,
    "index": 50
  },
  {
    "name": "Load \"service\" to Context",
    "start": 1552393920810,
    "end": 1552393920817,
    "duration": 7,
    "pid": 16000,
    "index": 51
  },
  {
    "name": "Load Middleware",
    "start": 1552393920818,
    "end": 1552393920927,
    "duration": 109,
    "pid": 16000,
    "index": 52
  },
  {
    "name": "Load \"middlewares\" to Application",
    "start": 1552393920818,
    "end": 1552393920923,
    "duration": 105,
    "pid": 16000,
    "index": 53
  },
  {
    "name": "Load Controller",
    "start": 1552393920927,
    "end": 1552393920938,
    "duration": 11,
    "pid": 16000,
    "index": 54
  },
  {
    "name": "Load \"controller\" to Application",
    "start": 1552393920927,
    "end": 1552393920938,
    "duration": 11,
    "pid": 16000,
    "index": 55
  },
  {
    "name": "Load Router",
    "start": 1552393920938,
    "end": 1552393920941,
    "duration": 3,
    "pid": 16000,
    "index": 56
  },
  {
    "name": "Require(40) app/router.js",
    "start": 1552393920938,
    "end": 1552393920939,
    "duration": 1,
    "pid": 16000,
    "index": 57
  },
  {
    "name": "Before Start in node_modules/egg-core/lib/egg.js:287:10",
    "start": 1552393920939,
    "end": 1552393920952,
    "duration": 13,
    "pid": 16000,
    "index": 58
  }
]