[
  {
    "name": "Application Start",
    "start": 1552393710651,
    "end": 1552393711093,
    "duration": 442,
    "pid": 16868,
    "index": 0
  },
  {
    "name": "Load Plugin",
    "start": 1552393710657,
    "end": 1552393710676,
    "duration": 19,
    "pid": 16868,
    "index": 1
  },
  {
    "name": "Load Config",
    "start": 1552393710676,
    "end": 1552393710701,
    "duration": 25,
    "pid": 16868,
    "index": 2
  },
  {
    "name": "Require(0) config/config.default.js",
    "start": 1552393710677,
    "end": 1552393710678,
    "duration": 1,
    "pid": 16868,
    "index": 3
  },
  {
    "name": "Require(1) node_modules/egg-session/config/config.default.js",
    "start": 1552393710679,
    "end": 1552393710680,
    "duration": 1,
    "pid": 16868,
    "index": 4
  },
  {
    "name": "Require(2) node_modules/egg-jsonp/config/config.default.js",
    "start": 1552393710680,
    "end": 1552393710681,
    "duration": 1,
    "pid": 16868,
    "index": 5
  },
  {
    "name": "Require(3) node_modules/egg-onerror/config/config.default.js",
    "start": 1552393710681,
    "end": 1552393710682,
    "duration": 1,
    "pid": 16868,
    "index": 6
  },
  {
    "name": "Require(4) node_modules/egg-i18n/config/config.default.js",
    "start": 1552393710682,
    "end": 1552393710683,
    "duration": 1,
    "pid": 16868,
    "index": 7
  },
  {
    "name": "Require(5) node_modules/egg-watcher/config/config.default.js",
    "start": 1552393710683,
    "end": 1552393710684,
    "duration": 1,
    "pid": 16868,
    "index": 8
  },
  {
    "name": "Require(6) node_modules/egg-schedule/config/config.default.js",
    "start": 1552393710684,
    "end": 1552393710685,
    "duration": 1,
    "pid": 16868,
    "index": 9
  },
  {
    "name": "Require(7) node_modules/egg-multipart/config/config.default.js",
    "start": 1552393710686,
    "end": 1552393710687,
    "duration": 1,
    "pid": 16868,
    "index": 10
  },
  {
    "name": "Require(8) node_modules/egg-development/config/config.default.js",
    "start": 1552393710688,
    "end": 1552393710688,
    "duration": 0,
    "pid": 16868,
    "index": 11
  },
  {
    "name": "Require(9) node_modules/egg-logrotator/config/config.default.js",
    "start": 1552393710689,
    "end": 1552393710689,
    "duration": 0,
    "pid": 16868,
    "index": 12
  },
  {
    "name": "Require(10) node_modules/egg-static/config/config.default.js",
    "start": 1552393710690,
    "end": 1552393710691,
    "duration": 1,
    "pid": 16868,
    "index": 13
  },
  {
    "name": "Require(11) node_modules/egg-view/config/config.default.js",
    "start": 1552393710691,
    "end": 1552393710692,
    "duration": 1,
    "pid": 16868,
    "index": 14
  },
  {
    "name": "Require(12) node_modules/egg-cors/config/config.default.js",
    "start": 1552393710692,
    "end": 1552393710693,
    "duration": 1,
    "pid": 16868,
    "index": 15
  },
  {
    "name": "Require(13) node_modules/egg/config/config.default.js",
    "start": 1552393710693,
    "end": 1552393710694,
    "duration": 1,
    "pid": 16868,
    "index": 16
  },
  {
    "name": "Require(14) config/config.default.js",
    "start": 1552393710696,
    "end": 1552393710696,
    "duration": 0,
    "pid": 16868,
    "index": 17
  },
  {
    "name": "Require(15) node_modules/egg-watcher/config/config.local.js",
    "start": 1552393710697,
    "end": 1552393710698,
    "duration": 1,
    "pid": 16868,
    "index": 18
  },
  {
    "name": "Require(16) node_modules/egg-view/config/config.local.js",
    "start": 1552393710699,
    "end": 1552393710699,
    "duration": 0,
    "pid": 16868,
    "index": 19
  },
  {
    "name": "Require(17) node_modules/egg/config/config.local.js",
    "start": 1552393710700,
    "end": 1552393710700,
    "duration": 0,
    "pid": 16868,
    "index": 20
  },
  {
    "name": "Load extend/application.js",
    "start": 1552393710703,
    "end": 1552393710715,
    "duration": 12,
    "pid": 16868,
    "index": 21
  },
  {
    "name": "Require(18) node_modules/egg-session/app/extend/application.js",
    "start": 1552393710703,
    "end": 1552393710704,
    "duration": 1,
    "pid": 16868,
    "index": 22
  },
  {
    "name": "Require(19) node_modules/egg-jsonp/app/extend/application.js",
    "start": 1552393710704,
    "end": 1552393710707,
    "duration": 3,
    "pid": 16868,
    "index": 23
  },
  {
    "name": "Require(20) node_modules/egg-logrotator/app/extend/application.js",
    "start": 1552393710708,
    "end": 1552393710710,
    "duration": 2,
    "pid": 16868,
    "index": 24
  },
  {
    "name": "Require(21) node_modules/egg-view/app/extend/application.js",
    "start": 1552393710710,
    "end": 1552393710712,
    "duration": 2,
    "pid": 16868,
    "index": 25
  },
  {
    "name": "Load extend/request.js",
    "start": 1552393710715,
    "end": 1552393710721,
    "duration": 6,
    "pid": 16868,
    "index": 26
  },
  {
    "name": "Require(22) node_modules/egg/app/extend/request.js",
    "start": 1552393710717,
    "end": 1552393710718,
    "duration": 1,
    "pid": 16868,
    "index": 27
  },
  {
    "name": "Load extend/response.js",
    "start": 1552393710721,
    "end": 1552393710727,
    "duration": 6,
    "pid": 16868,
    "index": 28
  },
  {
    "name": "Require(23) node_modules/egg/app/extend/response.js",
    "start": 1552393710723,
    "end": 1552393710725,
    "duration": 2,
    "pid": 16868,
    "index": 29
  },
  {
    "name": "Load extend/context.js",
    "start": 1552393710727,
    "end": 1552393710808,
    "duration": 81,
    "pid": 16868,
    "index": 30
  },
  {
    "name": "Require(24) node_modules/egg-jsonp/app/extend/context.js",
    "start": 1552393710728,
    "end": 1552393710730,
    "duration": 2,
    "pid": 16868,
    "index": 31
  },
  {
    "name": "Require(25) node_modules/egg-i18n/app/extend/context.js",
    "start": 1552393710731,
    "end": 1552393710733,
    "duration": 2,
    "pid": 16868,
    "index": 32
  },
  {
    "name": "Require(26) node_modules/egg-multipart/app/extend/context.js",
    "start": 1552393710734,
    "end": 1552393710802,
    "duration": 68,
    "pid": 16868,
    "index": 33
  },
  {
    "name": "Require(27) node_modules/egg-view/app/extend/context.js",
    "start": 1552393710803,
    "end": 1552393710804,
    "duration": 1,
    "pid": 16868,
    "index": 34
  },
  {
    "name": "Require(28) node_modules/egg/app/extend/context.js",
    "start": 1552393710805,
    "end": 1552393710807,
    "duration": 2,
    "pid": 16868,
    "index": 35
  },
  {
    "name": "Load extend/helper.js",
    "start": 1552393710809,
    "end": 1552393710813,
    "duration": 4,
    "pid": 16868,
    "index": 36
  },
  {
    "name": "Require(29) node_modules/egg/app/extend/helper.js",
    "start": 1552393710810,
    "end": 1552393710811,
    "duration": 1,
    "pid": 16868,
    "index": 37
  },
  {
    "name": "Load app.js",
    "start": 1552393710813,
    "end": 1552393710867,
    "duration": 54,
    "pid": 16868,
    "index": 38
  },
  {
    "name": "Require(30) node_modules/egg-session/app.js",
    "start": 1552393710813,
    "end": 1552393710814,
    "duration": 1,
    "pid": 16868,
    "index": 39
  },
  {
    "name": "Require(31) node_modules/egg-onerror/app.js",
    "start": 1552393710814,
    "end": 1552393710830,
    "duration": 16,
    "pid": 16868,
    "index": 40
  },
  {
    "name": "Require(32) node_modules/egg-i18n/app.js",
    "start": 1552393710831,
    "end": 1552393710851,
    "duration": 20,
    "pid": 16868,
    "index": 41
  },
  {
    "name": "Require(33) node_modules/egg-watcher/app.js",
    "start": 1552393710852,
    "end": 1552393710856,
    "duration": 4,
    "pid": 16868,
    "index": 42
  },
  {
    "name": "Require(34) node_modules/egg-schedule/app.js",
    "start": 1552393710856,
    "end": 1552393710858,
    "duration": 2,
    "pid": 16868,
    "index": 43
  },
  {
    "name": "Require(35) node_modules/egg-multipart/app.js",
    "start": 1552393710859,
    "end": 1552393710863,
    "duration": 4,
    "pid": 16868,
    "index": 44
  },
  {
    "name": "Require(36) node_modules/egg-development/app.js",
    "start": 1552393710863,
    "end": 1552393710863,
    "duration": 0,
    "pid": 16868,
    "index": 45
  },
  {
    "name": "Require(37) node_modules/egg-logrotator/app.js",
    "start": 1552393710864,
    "end": 1552393710865,
    "duration": 1,
    "pid": 16868,
    "index": 46
  },
  {
    "name": "Require(38) node_modules/egg-static/app.js",
    "start": 1552393710865,
    "end": 1552393710865,
    "duration": 0,
    "pid": 16868,
    "index": 47
  },
  {
    "name": "Require(39) node_modules/egg-cors/app.js",
    "start": 1552393710866,
    "end": 1552393710866,
    "duration": 0,
    "pid": 16868,
    "index": 48
  },
  {
    "name": "Before Start in node_modules/egg-watcher/lib/init.js:15:14",
    "start": 1552393710882,
    "end": 1552393711092,
    "duration": 210,
    "pid": 16868,
    "index": 49
  },
  {
    "name": "Load Service",
    "start": 1552393710933,
    "end": 1552393710941,
    "duration": 8,
    "pid": 16868,
    "index": 50
  },
  {
    "name": "Load \"service\" to Context",
    "start": 1552393710933,
    "end": 1552393710941,
    "duration": 8,
    "pid": 16868,
    "index": 51
  },
  {
    "name": "Load Middleware",
    "start": 1552393710941,
    "end": 1552393711059,
    "duration": 118,
    "pid": 16868,
    "index": 52
  },
  {
    "name": "Load \"middlewares\" to Application",
    "start": 1552393710942,
    "end": 1552393711055,
    "duration": 113,
    "pid": 16868,
    "index": 53
  },
  {
    "name": "Load Controller",
    "start": 1552393711059,
    "end": 1552393711067,
    "duration": 8,
    "pid": 16868,
    "index": 54
  },
  {
    "name": "Load \"controller\" to Application",
    "start": 1552393711059,
    "end": 1552393711067,
    "duration": 8,
    "pid": 16868,
    "index": 55
  },
  {
    "name": "Load Router",
    "start": 1552393711067,
    "end": 1552393711071,
    "duration": 4,
    "pid": 16868,
    "index": 56
  },
  {
    "name": "Require(40) app/router.js",
    "start": 1552393711068,
    "end": 1552393711068,
    "duration": 0,
    "pid": 16868,
    "index": 57
  },
  {
    "name": "Before Start in node_modules/egg-core/lib/egg.js:287:10",
    "start": 1552393711069,
    "end": 1552393711081,
    "duration": 12,
    "pid": 16868,
    "index": 58
  }
]