[
  {
    "name": "Application Start",
    "start": 1552392474095,
    "end": 1552392474541,
    "duration": 446,
    "pid": 6980,
    "index": 0
  },
  {
    "name": "Load Plugin",
    "start": 1552392474101,
    "end": 1552392474124,
    "duration": 23,
    "pid": 6980,
    "index": 1
  },
  {
    "name": "Load Config",
    "start": 1552392474125,
    "end": 1552392474156,
    "duration": 31,
    "pid": 6980,
    "index": 2
  },
  {
    "name": "Require(0) config/config.default.js",
    "start": 1552392474125,
    "end": 1552392474126,
    "duration": 1,
    "pid": 6980,
    "index": 3
  },
  {
    "name": "Require(1) node_modules/egg-session/config/config.default.js",
    "start": 1552392474128,
    "end": 1552392474129,
    "duration": 1,
    "pid": 6980,
    "index": 4
  },
  {
    "name": "Require(2) node_modules/egg-jsonp/config/config.default.js",
    "start": 1552392474129,
    "end": 1552392474130,
    "duration": 1,
    "pid": 6980,
    "index": 5
  },
  {
    "name": "Require(3) node_modules/egg-onerror/config/config.default.js",
    "start": 1552392474131,
    "end": 1552392474131,
    "duration": 0,
    "pid": 6980,
    "index": 6
  },
  {
    "name": "Require(4) node_modules/egg-i18n/config/config.default.js",
    "start": 1552392474132,
    "end": 1552392474132,
    "duration": 0,
    "pid": 6980,
    "index": 7
  },
  {
    "name": "Require(5) node_modules/egg-watcher/config/config.default.js",
    "start": 1552392474133,
    "end": 1552392474133,
    "duration": 0,
    "pid": 6980,
    "index": 8
  },
  {
    "name": "Require(6) node_modules/egg-schedule/config/config.default.js",
    "start": 1552392474134,
    "end": 1552392474134,
    "duration": 0,
    "pid": 6980,
    "index": 9
  },
  {
    "name": "Require(7) node_modules/egg-multipart/config/config.default.js",
    "start": 1552392474135,
    "end": 1552392474136,
    "duration": 1,
    "pid": 6980,
    "index": 10
  },
  {
    "name": "Require(8) node_modules/egg-development/config/config.default.js",
    "start": 1552392474137,
    "end": 1552392474138,
    "duration": 1,
    "pid": 6980,
    "index": 11
  },
  {
    "name": "Require(9) node_modules/egg-logrotator/config/config.default.js",
    "start": 1552392474139,
    "end": 1552392474140,
    "duration": 1,
    "pid": 6980,
    "index": 12
  },
  {
    "name": "Require(10) node_modules/egg-static/config/config.default.js",
    "start": 1552392474140,
    "end": 1552392474143,
    "duration": 3,
    "pid": 6980,
    "index": 13
  },
  {
    "name": "Require(11) node_modules/egg-view/config/config.default.js",
    "start": 1552392474143,
    "end": 1552392474144,
    "duration": 1,
    "pid": 6980,
    "index": 14
  },
  {
    "name": "Require(12) node_modules/egg-cors/config/config.default.js",
    "start": 1552392474145,
    "end": 1552392474145,
    "duration": 0,
    "pid": 6980,
    "index": 15
  },
  {
    "name": "Require(13) node_modules/egg/config/config.default.js",
    "start": 1552392474146,
    "end": 1552392474147,
    "duration": 1,
    "pid": 6980,
    "index": 16
  },
  {
    "name": "Require(14) config/config.default.js",
    "start": 1552392474149,
    "end": 1552392474149,
    "duration": 0,
    "pid": 6980,
    "index": 17
  },
  {
    "name": "Require(15) node_modules/egg-watcher/config/config.local.js",
    "start": 1552392474150,
    "end": 1552392474151,
    "duration": 1,
    "pid": 6980,
    "index": 18
  },
  {
    "name": "Require(16) node_modules/egg-view/config/config.local.js",
    "start": 1552392474152,
    "end": 1552392474154,
    "duration": 2,
    "pid": 6980,
    "index": 19
  },
  {
    "name": "Require(17) node_modules/egg/config/config.local.js",
    "start": 1552392474155,
    "end": 1552392474155,
    "duration": 0,
    "pid": 6980,
    "index": 20
  },
  {
    "name": "Load extend/application.js",
    "start": 1552392474157,
    "end": 1552392474175,
    "duration": 18,
    "pid": 6980,
    "index": 21
  },
  {
    "name": "Require(18) node_modules/egg-session/app/extend/application.js",
    "start": 1552392474158,
    "end": 1552392474160,
    "duration": 2,
    "pid": 6980,
    "index": 22
  },
  {
    "name": "Require(19) node_modules/egg-jsonp/app/extend/application.js",
    "start": 1552392474160,
    "end": 1552392474164,
    "duration": 4,
    "pid": 6980,
    "index": 23
  },
  {
    "name": "Require(20) node_modules/egg-logrotator/app/extend/application.js",
    "start": 1552392474166,
    "end": 1552392474168,
    "duration": 2,
    "pid": 6980,
    "index": 24
  },
  {
    "name": "Require(21) node_modules/egg-view/app/extend/application.js",
    "start": 1552392474169,
    "end": 1552392474172,
    "duration": 3,
    "pid": 6980,
    "index": 25
  },
  {
    "name": "Load extend/request.js",
    "start": 1552392474175,
    "end": 1552392474182,
    "duration": 7,
    "pid": 6980,
    "index": 26
  },
  {
    "name": "Require(22) node_modules/egg/app/extend/request.js",
    "start": 1552392474177,
    "end": 1552392474180,
    "duration": 3,
    "pid": 6980,
    "index": 27
  },
  {
    "name": "Load extend/response.js",
    "start": 1552392474182,
    "end": 1552392474188,
    "duration": 6,
    "pid": 6980,
    "index": 28
  },
  {
    "name": "Require(23) node_modules/egg/app/extend/response.js",
    "start": 1552392474184,
    "end": 1552392474186,
    "duration": 2,
    "pid": 6980,
    "index": 29
  },
  {
    "name": "Load extend/context.js",
    "start": 1552392474189,
    "end": 1552392474257,
    "duration": 68,
    "pid": 6980,
    "index": 30
  },
  {
    "name": "Require(24) node_modules/egg-jsonp/app/extend/context.js",
    "start": 1552392474189,
    "end": 1552392474191,
    "duration": 2,
    "pid": 6980,
    "index": 31
  },
  {
    "name": "Require(25) node_modules/egg-i18n/app/extend/context.js",
    "start": 1552392474192,
    "end": 1552392474197,
    "duration": 5,
    "pid": 6980,
    "index": 32
  },
  {
    "name": "Require(26) node_modules/egg-multipart/app/extend/context.js",
    "start": 1552392474197,
    "end": 1552392474250,
    "duration": 53,
    "pid": 6980,
    "index": 33
  },
  {
    "name": "Require(27) node_modules/egg-view/app/extend/context.js",
    "start": 1552392474251,
    "end": 1552392474252,
    "duration": 1,
    "pid": 6980,
    "index": 34
  },
  {
    "name": "Require(28) node_modules/egg/app/extend/context.js",
    "start": 1552392474253,
    "end": 1552392474255,
    "duration": 2,
    "pid": 6980,
    "index": 35
  },
  {
    "name": "Load extend/helper.js",
    "start": 1552392474258,
    "end": 1552392474262,
    "duration": 4,
    "pid": 6980,
    "index": 36
  },
  {
    "name": "Require(29) node_modules/egg/app/extend/helper.js",
    "start": 1552392474259,
    "end": 1552392474260,
    "duration": 1,
    "pid": 6980,
    "index": 37
  },
  {
    "name": "Load app.js",
    "start": 1552392474262,
    "end": 1552392474315,
    "duration": 53,
    "pid": 6980,
    "index": 38
  },
  {
    "name": "Require(30) node_modules/egg-session/app.js",
    "start": 1552392474262,
    "end": 1552392474263,
    "duration": 1,
    "pid": 6980,
    "index": 39
  },
  {
    "name": "Require(31) node_modules/egg-onerror/app.js",
    "start": 1552392474263,
    "end": 1552392474276,
    "duration": 13,
    "pid": 6980,
    "index": 40
  },
  {
    "name": "Require(32) node_modules/egg-i18n/app.js",
    "start": 1552392474277,
    "end": 1552392474299,
    "duration": 22,
    "pid": 6980,
    "index": 41
  },
  {
    "name": "Require(33) node_modules/egg-watcher/app.js",
    "start": 1552392474300,
    "end": 1552392474304,
    "duration": 4,
    "pid": 6980,
    "index": 42
  },
  {
    "name": "Require(34) node_modules/egg-schedule/app.js",
    "start": 1552392474304,
    "end": 1552392474305,
    "duration": 1,
    "pid": 6980,
    "index": 43
  },
  {
    "name": "Require(35) node_modules/egg-multipart/app.js",
    "start": 1552392474306,
    "end": 1552392474309,
    "duration": 3,
    "pid": 6980,
    "index": 44
  },
  {
    "name": "Require(36) node_modules/egg-development/app.js",
    "start": 1552392474311,
    "end": 1552392474311,
    "duration": 0,
    "pid": 6980,
    "index": 45
  },
  {
    "name": "Require(37) node_modules/egg-logrotator/app.js",
    "start": 1552392474311,
    "end": 1552392474312,
    "duration": 1,
    "pid": 6980,
    "index": 46
  },
  {
    "name": "Require(38) node_modules/egg-static/app.js",
    "start": 1552392474312,
    "end": 1552392474313,
    "duration": 1,
    "pid": 6980,
    "index": 47
  },
  {
    "name": "Require(39) node_modules/egg-cors/app.js",
    "start": 1552392474313,
    "end": 1552392474314,
    "duration": 1,
    "pid": 6980,
    "index": 48
  },
  {
    "name": "Before Start in node_modules/egg-watcher/lib/init.js:15:14",
    "start": 1552392474327,
    "end": 1552392474541,
    "duration": 214,
    "pid": 6980,
    "index": 49
  },
  {
    "name": "Load Service",
    "start": 1552392474374,
    "end": 1552392474383,
    "duration": 9,
    "pid": 6980,
    "index": 50
  },
  {
    "name": "Load \"service\" to Context",
    "start": 1552392474374,
    "end": 1552392474383,
    "duration": 9,
    "pid": 6980,
    "index": 51
  },
  {
    "name": "Load Middleware",
    "start": 1552392474384,
    "end": 1552392474497,
    "duration": 113,
    "pid": 6980,
    "index": 52
  },
  {
    "name": "Load \"middlewares\" to Application",
    "start": 1552392474384,
    "end": 1552392474493,
    "duration": 109,
    "pid": 6980,
    "index": 53
  },
  {
    "name": "Load Controller",
    "start": 1552392474497,
    "end": 1552392474505,
    "duration": 8,
    "pid": 6980,
    "index": 54
  },
  {
    "name": "Load \"controller\" to Application",
    "start": 1552392474498,
    "end": 1552392474505,
    "duration": 7,
    "pid": 6980,
    "index": 55
  },
  {
    "name": "Load Router",
    "start": 1552392474505,
    "end": 1552392474512,
    "duration": 7,
    "pid": 6980,
    "index": 56
  },
  {
    "name": "Require(40) app/router.js",
    "start": 1552392474509,
    "end": 1552392474510,
    "duration": 1,
    "pid": 6980,
    "index": 57
  },
  {
    "name": "Before Start in node_modules/egg-core/lib/egg.js:287:10",
    "start": 1552392474510,
    "end": 1552392474524,
    "duration": 14,
    "pid": 6980,
    "index": 58
  }
]