[
  {
    "name": "Application Start",
    "start": 1552394291200,
    "end": 1552394291645,
    "duration": 445,
    "pid": 20168,
    "index": 0
  },
  {
    "name": "Load Plugin",
    "start": 1552394291206,
    "end": 1552394291228,
    "duration": 22,
    "pid": 20168,
    "index": 1
  },
  {
    "name": "Load Config",
    "start": 1552394291228,
    "end": 1552394291262,
    "duration": 34,
    "pid": 20168,
    "index": 2
  },
  {
    "name": "Require(0) config/config.default.js",
    "start": 1552394291229,
    "end": 1552394291230,
    "duration": 1,
    "pid": 20168,
    "index": 3
  },
  {
    "name": "Require(1) node_modules/egg-session/config/config.default.js",
    "start": 1552394291232,
    "end": 1552394291233,
    "duration": 1,
    "pid": 20168,
    "index": 4
  },
  {
    "name": "Require(2) node_modules/egg-jsonp/config/config.default.js",
    "start": 1552394291234,
    "end": 1552394291236,
    "duration": 2,
    "pid": 20168,
    "index": 5
  },
  {
    "name": "Require(3) node_modules/egg-onerror/config/config.default.js",
    "start": 1552394291237,
    "end": 1552394291238,
    "duration": 1,
    "pid": 20168,
    "index": 6
  },
  {
    "name": "Require(4) node_modules/egg-i18n/config/config.default.js",
    "start": 1552394291238,
    "end": 1552394291239,
    "duration": 1,
    "pid": 20168,
    "index": 7
  },
  {
    "name": "Require(5) node_modules/egg-watcher/config/config.default.js",
    "start": 1552394291240,
    "end": 1552394291241,
    "duration": 1,
    "pid": 20168,
    "index": 8
  },
  {
    "name": "Require(6) node_modules/egg-schedule/config/config.default.js",
    "start": 1552394291242,
    "end": 1552394291243,
    "duration": 1,
    "pid": 20168,
    "index": 9
  },
  {
    "name": "Require(7) node_modules/egg-multipart/config/config.default.js",
    "start": 1552394291244,
    "end": 1552394291246,
    "duration": 2,
    "pid": 20168,
    "index": 10
  },
  {
    "name": "Require(8) node_modules/egg-development/config/config.default.js",
    "start": 1552394291247,
    "end": 1552394291248,
    "duration": 1,
    "pid": 20168,
    "index": 11
  },
  {
    "name": "Require(9) node_modules/egg-logrotator/config/config.default.js",
    "start": 1552394291248,
    "end": 1552394291249,
    "duration": 1,
    "pid": 20168,
    "index": 12
  },
  {
    "name": "Require(10) node_modules/egg-static/config/config.default.js",
    "start": 1552394291250,
    "end": 1552394291251,
    "duration": 1,
    "pid": 20168,
    "index": 13
  },
  {
    "name": "Require(11) node_modules/egg-view/config/config.default.js",
    "start": 1552394291251,
    "end": 1552394291252,
    "duration": 1,
    "pid": 20168,
    "index": 14
  },
  {
    "name": "Require(12) node_modules/egg-cors/config/config.default.js",
    "start": 1552394291253,
    "end": 1552394291253,
    "duration": 0,
    "pid": 20168,
    "index": 15
  },
  {
    "name": "Require(13) node_modules/egg/config/config.default.js",
    "start": 1552394291254,
    "end": 1552394291255,
    "duration": 1,
    "pid": 20168,
    "index": 16
  },
  {
    "name": "Require(14) config/config.default.js",
    "start": 1552394291257,
    "end": 1552394291257,
    "duration": 0,
    "pid": 20168,
    "index": 17
  },
  {
    "name": "Require(15) node_modules/egg-watcher/config/config.local.js",
    "start": 1552394291258,
    "end": 1552394291259,
    "duration": 1,
    "pid": 20168,
    "index": 18
  },
  {
    "name": "Require(16) node_modules/egg-view/config/config.local.js",
    "start": 1552394291260,
    "end": 1552394291261,
    "duration": 1,
    "pid": 20168,
    "index": 19
  },
  {
    "name": "Require(17) node_modules/egg/config/config.local.js",
    "start": 1552394291261,
    "end": 1552394291262,
    "duration": 1,
    "pid": 20168,
    "index": 20
  },
  {
    "name": "Load extend/application.js",
    "start": 1552394291264,
    "end": 1552394291277,
    "duration": 13,
    "pid": 20168,
    "index": 21
  },
  {
    "name": "Require(18) node_modules/egg-session/app/extend/application.js",
    "start": 1552394291264,
    "end": 1552394291265,
    "duration": 1,
    "pid": 20168,
    "index": 22
  },
  {
    "name": "Require(19) node_modules/egg-jsonp/app/extend/application.js",
    "start": 1552394291265,
    "end": 1552394291268,
    "duration": 3,
    "pid": 20168,
    "index": 23
  },
  {
    "name": "Require(20) node_modules/egg-logrotator/app/extend/application.js",
    "start": 1552394291270,
    "end": 1552394291273,
    "duration": 3,
    "pid": 20168,
    "index": 24
  },
  {
    "name": "Require(21) node_modules/egg-view/app/extend/application.js",
    "start": 1552394291273,
    "end": 1552394291275,
    "duration": 2,
    "pid": 20168,
    "index": 25
  },
  {
    "name": "Load extend/request.js",
    "start": 1552394291278,
    "end": 1552394291285,
    "duration": 7,
    "pid": 20168,
    "index": 26
  },
  {
    "name": "Require(22) node_modules/egg/app/extend/request.js",
    "start": 1552394291280,
    "end": 1552394291282,
    "duration": 2,
    "pid": 20168,
    "index": 27
  },
  {
    "name": "Load extend/response.js",
    "start": 1552394291285,
    "end": 1552394291293,
    "duration": 8,
    "pid": 20168,
    "index": 28
  },
  {
    "name": "Require(23) node_modules/egg/app/extend/response.js",
    "start": 1552394291288,
    "end": 1552394291291,
    "duration": 3,
    "pid": 20168,
    "index": 29
  },
  {
    "name": "Load extend/context.js",
    "start": 1552394291293,
    "end": 1552394291359,
    "duration": 66,
    "pid": 20168,
    "index": 30
  },
  {
    "name": "Require(24) node_modules/egg-jsonp/app/extend/context.js",
    "start": 1552394291294,
    "end": 1552394291296,
    "duration": 2,
    "pid": 20168,
    "index": 31
  },
  {
    "name": "Require(25) node_modules/egg-i18n/app/extend/context.js",
    "start": 1552394291297,
    "end": 1552394291299,
    "duration": 2,
    "pid": 20168,
    "index": 32
  },
  {
    "name": "Require(26) node_modules/egg-multipart/app/extend/context.js",
    "start": 1552394291300,
    "end": 1552394291352,
    "duration": 52,
    "pid": 20168,
    "index": 33
  },
  {
    "name": "Require(27) node_modules/egg-view/app/extend/context.js",
    "start": 1552394291353,
    "end": 1552394291354,
    "duration": 1,
    "pid": 20168,
    "index": 34
  },
  {
    "name": "Require(28) node_modules/egg/app/extend/context.js",
    "start": 1552394291355,
    "end": 1552394291357,
    "duration": 2,
    "pid": 20168,
    "index": 35
  },
  {
    "name": "Load extend/helper.js",
    "start": 1552394291360,
    "end": 1552394291365,
    "duration": 5,
    "pid": 20168,
    "index": 36
  },
  {
    "name": "Require(29) node_modules/egg/app/extend/helper.js",
    "start": 1552394291362,
    "end": 1552394291363,
    "duration": 1,
    "pid": 20168,
    "index": 37
  },
  {
    "name": "Load app.js",
    "start": 1552394291365,
    "end": 1552394291418,
    "duration": 53,
    "pid": 20168,
    "index": 38
  },
  {
    "name": "Require(30) node_modules/egg-session/app.js",
    "start": 1552394291365,
    "end": 1552394291366,
    "duration": 1,
    "pid": 20168,
    "index": 39
  },
  {
    "name": "Require(31) node_modules/egg-onerror/app.js",
    "start": 1552394291366,
    "end": 1552394291378,
    "duration": 12,
    "pid": 20168,
    "index": 40
  },
  {
    "name": "Require(32) node_modules/egg-i18n/app.js",
    "start": 1552394291379,
    "end": 1552394291403,
    "duration": 24,
    "pid": 20168,
    "index": 41
  },
  {
    "name": "Require(33) node_modules/egg-watcher/app.js",
    "start": 1552394291403,
    "end": 1552394291407,
    "duration": 4,
    "pid": 20168,
    "index": 42
  },
  {
    "name": "Require(34) node_modules/egg-schedule/app.js",
    "start": 1552394291408,
    "end": 1552394291410,
    "duration": 2,
    "pid": 20168,
    "index": 43
  },
  {
    "name": "Require(35) node_modules/egg-multipart/app.js",
    "start": 1552394291410,
    "end": 1552394291413,
    "duration": 3,
    "pid": 20168,
    "index": 44
  },
  {
    "name": "Require(36) node_modules/egg-development/app.js",
    "start": 1552394291414,
    "end": 1552394291414,
    "duration": 0,
    "pid": 20168,
    "index": 45
  },
  {
    "name": "Require(37) node_modules/egg-logrotator/app.js",
    "start": 1552394291414,
    "end": 1552394291415,
    "duration": 1,
    "pid": 20168,
    "index": 46
  },
  {
    "name": "Require(38) node_modules/egg-static/app.js",
    "start": 1552394291415,
    "end": 1552394291416,
    "duration": 1,
    "pid": 20168,
    "index": 47
  },
  {
    "name": "Require(39) node_modules/egg-cors/app.js",
    "start": 1552394291416,
    "end": 1552394291417,
    "duration": 1,
    "pid": 20168,
    "index": 48
  },
  {
    "name": "Before Start in node_modules/egg-watcher/lib/init.js:15:14",
    "start": 1552394291432,
    "end": 1552394291644,
    "duration": 212,
    "pid": 20168,
    "index": 49
  },
  {
    "name": "Load Service",
    "start": 1552394291482,
    "end": 1552394291490,
    "duration": 8,
    "pid": 20168,
    "index": 50
  },
  {
    "name": "Load \"service\" to Context",
    "start": 1552394291482,
    "end": 1552394291490,
    "duration": 8,
    "pid": 20168,
    "index": 51
  },
  {
    "name": "Load Middleware",
    "start": 1552394291490,
    "end": 1552394291607,
    "duration": 117,
    "pid": 20168,
    "index": 52
  },
  {
    "name": "Load \"middlewares\" to Application",
    "start": 1552394291490,
    "end": 1552394291603,
    "duration": 113,
    "pid": 20168,
    "index": 53
  },
  {
    "name": "Load Controller",
    "start": 1552394291607,
    "end": 1552394291616,
    "duration": 9,
    "pid": 20168,
    "index": 54
  },
  {
    "name": "Load \"controller\" to Application",
    "start": 1552394291608,
    "end": 1552394291616,
    "duration": 8,
    "pid": 20168,
    "index": 55
  },
  {
    "name": "Load Router",
    "start": 1552394291616,
    "end": 1552394291622,
    "duration": 6,
    "pid": 20168,
    "index": 56
  },
  {
    "name": "Require(40) app/router.js",
    "start": 1552394291619,
    "end": 1552394291620,
    "duration": 1,
    "pid": 20168,
    "index": 57
  },
  {
    "name": "Before Start in node_modules/egg-core/lib/egg.js:287:10",
    "start": 1552394291620,
    "end": 1552394291634,
    "duration": 14,
    "pid": 20168,
    "index": 58
  }
]