[
  {
    "name": "Application Start",
    "start": 1552400370329,
    "end": 1552400370759,
    "duration": 430,
    "pid": 23760,
    "index": 0
  },
  {
    "name": "Load Plugin",
    "start": 1552400370336,
    "end": 1552400370354,
    "duration": 18,
    "pid": 23760,
    "index": 1
  },
  {
    "name": "Load Config",
    "start": 1552400370354,
    "end": 1552400370376,
    "duration": 22,
    "pid": 23760,
    "index": 2
  },
  {
    "name": "Require(0) config/config.default.js",
    "start": 1552400370355,
    "end": 1552400370356,
    "duration": 1,
    "pid": 23760,
    "index": 3
  },
  {
    "name": "Require(1) node_modules/egg-session/config/config.default.js",
    "start": 1552400370357,
    "end": 1552400370358,
    "duration": 1,
    "pid": 23760,
    "index": 4
  },
  {
    "name": "Require(2) node_modules/egg-jsonp/config/config.default.js",
    "start": 1552400370358,
    "end": 1552400370359,
    "duration": 1,
    "pid": 23760,
    "index": 5
  },
  {
    "name": "Require(3) node_modules/egg-onerror/config/config.default.js",
    "start": 1552400370359,
    "end": 1552400370360,
    "duration": 1,
    "pid": 23760,
    "index": 6
  },
  {
    "name": "Require(4) node_modules/egg-i18n/config/config.default.js",
    "start": 1552400370360,
    "end": 1552400370361,
    "duration": 1,
    "pid": 23760,
    "index": 7
  },
  {
    "name": "Require(5) node_modules/egg-watcher/config/config.default.js",
    "start": 1552400370361,
    "end": 1552400370362,
    "duration": 1,
    "pid": 23760,
    "index": 8
  },
  {
    "name": "Require(6) node_modules/egg-schedule/config/config.default.js",
    "start": 1552400370362,
    "end": 1552400370363,
    "duration": 1,
    "pid": 23760,
    "index": 9
  },
  {
    "name": "Require(7) node_modules/egg-multipart/config/config.default.js",
    "start": 1552400370364,
    "end": 1552400370364,
    "duration": 0,
    "pid": 23760,
    "index": 10
  },
  {
    "name": "Require(8) node_modules/egg-development/config/config.default.js",
    "start": 1552400370365,
    "end": 1552400370365,
    "duration": 0,
    "pid": 23760,
    "index": 11
  },
  {
    "name": "Require(9) node_modules/egg-logrotator/config/config.default.js",
    "start": 1552400370366,
    "end": 1552400370366,
    "duration": 0,
    "pid": 23760,
    "index": 12
  },
  {
    "name": "Require(10) node_modules/egg-static/config/config.default.js",
    "start": 1552400370367,
    "end": 1552400370367,
    "duration": 0,
    "pid": 23760,
    "index": 13
  },
  {
    "name": "Require(11) node_modules/egg-view/config/config.default.js",
    "start": 1552400370368,
    "end": 1552400370368,
    "duration": 0,
    "pid": 23760,
    "index": 14
  },
  {
    "name": "Require(12) node_modules/egg-cors/config/config.default.js",
    "start": 1552400370369,
    "end": 1552400370369,
    "duration": 0,
    "pid": 23760,
    "index": 15
  },
  {
    "name": "Require(13) node_modules/egg/config/config.default.js",
    "start": 1552400370369,
    "end": 1552400370370,
    "duration": 1,
    "pid": 23760,
    "index": 16
  },
  {
    "name": "Require(14) config/config.default.js",
    "start": 1552400370372,
    "end": 1552400370372,
    "duration": 0,
    "pid": 23760,
    "index": 17
  },
  {
    "name": "Require(15) node_modules/egg-watcher/config/config.local.js",
    "start": 1552400370373,
    "end": 1552400370373,
    "duration": 0,
    "pid": 23760,
    "index": 18
  },
  {
    "name": "Require(16) node_modules/egg-view/config/config.local.js",
    "start": 1552400370374,
    "end": 1552400370375,
    "duration": 1,
    "pid": 23760,
    "index": 19
  },
  {
    "name": "Require(17) node_modules/egg/config/config.local.js",
    "start": 1552400370375,
    "end": 1552400370376,
    "duration": 1,
    "pid": 23760,
    "index": 20
  },
  {
    "name": "Load extend/application.js",
    "start": 1552400370377,
    "end": 1552400370388,
    "duration": 11,
    "pid": 23760,
    "index": 21
  },
  {
    "name": "Require(18) node_modules/egg-session/app/extend/application.js",
    "start": 1552400370378,
    "end": 1552400370378,
    "duration": 0,
    "pid": 23760,
    "index": 22
  },
  {
    "name": "Require(19) node_modules/egg-jsonp/app/extend/application.js",
    "start": 1552400370379,
    "end": 1552400370381,
    "duration": 2,
    "pid": 23760,
    "index": 23
  },
  {
    "name": "Require(20) node_modules/egg-logrotator/app/extend/application.js",
    "start": 1552400370382,
    "end": 1552400370384,
    "duration": 2,
    "pid": 23760,
    "index": 24
  },
  {
    "name": "Require(21) node_modules/egg-view/app/extend/application.js",
    "start": 1552400370384,
    "end": 1552400370386,
    "duration": 2,
    "pid": 23760,
    "index": 25
  },
  {
    "name": "Load extend/request.js",
    "start": 1552400370388,
    "end": 1552400370394,
    "duration": 6,
    "pid": 23760,
    "index": 26
  },
  {
    "name": "Require(22) node_modules/egg/app/extend/request.js",
    "start": 1552400370390,
    "end": 1552400370392,
    "duration": 2,
    "pid": 23760,
    "index": 27
  },
  {
    "name": "Load extend/response.js",
    "start": 1552400370394,
    "end": 1552400370400,
    "duration": 6,
    "pid": 23760,
    "index": 28
  },
  {
    "name": "Require(23) node_modules/egg/app/extend/response.js",
    "start": 1552400370396,
    "end": 1552400370398,
    "duration": 2,
    "pid": 23760,
    "index": 29
  },
  {
    "name": "Load extend/context.js",
    "start": 1552400370400,
    "end": 1552400370465,
    "duration": 65,
    "pid": 23760,
    "index": 30
  },
  {
    "name": "Require(24) node_modules/egg-jsonp/app/extend/context.js",
    "start": 1552400370400,
    "end": 1552400370402,
    "duration": 2,
    "pid": 23760,
    "index": 31
  },
  {
    "name": "Require(25) node_modules/egg-i18n/app/extend/context.js",
    "start": 1552400370403,
    "end": 1552400370405,
    "duration": 2,
    "pid": 23760,
    "index": 32
  },
  {
    "name": "Require(26) node_modules/egg-multipart/app/extend/context.js",
    "start": 1552400370406,
    "end": 1552400370457,
    "duration": 51,
    "pid": 23760,
    "index": 33
  },
  {
    "name": "Require(27) node_modules/egg-view/app/extend/context.js",
    "start": 1552400370458,
    "end": 1552400370460,
    "duration": 2,
    "pid": 23760,
    "index": 34
  },
  {
    "name": "Require(28) node_modules/egg/app/extend/context.js",
    "start": 1552400370460,
    "end": 1552400370462,
    "duration": 2,
    "pid": 23760,
    "index": 35
  },
  {
    "name": "Load extend/helper.js",
    "start": 1552400370465,
    "end": 1552400370469,
    "duration": 4,
    "pid": 23760,
    "index": 36
  },
  {
    "name": "Require(29) node_modules/egg/app/extend/helper.js",
    "start": 1552400370466,
    "end": 1552400370467,
    "duration": 1,
    "pid": 23760,
    "index": 37
  },
  {
    "name": "Load app.js",
    "start": 1552400370469,
    "end": 1552400370523,
    "duration": 54,
    "pid": 23760,
    "index": 38
  },
  {
    "name": "Require(30) node_modules/egg-session/app.js",
    "start": 1552400370469,
    "end": 1552400370470,
    "duration": 1,
    "pid": 23760,
    "index": 39
  },
  {
    "name": "Require(31) node_modules/egg-onerror/app.js",
    "start": 1552400370471,
    "end": 1552400370483,
    "duration": 12,
    "pid": 23760,
    "index": 40
  },
  {
    "name": "Require(32) node_modules/egg-i18n/app.js",
    "start": 1552400370483,
    "end": 1552400370508,
    "duration": 25,
    "pid": 23760,
    "index": 41
  },
  {
    "name": "Require(33) node_modules/egg-watcher/app.js",
    "start": 1552400370508,
    "end": 1552400370513,
    "duration": 5,
    "pid": 23760,
    "index": 42
  },
  {
    "name": "Require(34) node_modules/egg-schedule/app.js",
    "start": 1552400370513,
    "end": 1552400370515,
    "duration": 2,
    "pid": 23760,
    "index": 43
  },
  {
    "name": "Require(35) node_modules/egg-multipart/app.js",
    "start": 1552400370515,
    "end": 1552400370518,
    "duration": 3,
    "pid": 23760,
    "index": 44
  },
  {
    "name": "Require(36) node_modules/egg-development/app.js",
    "start": 1552400370519,
    "end": 1552400370519,
    "duration": 0,
    "pid": 23760,
    "index": 45
  },
  {
    "name": "Require(37) node_modules/egg-logrotator/app.js",
    "start": 1552400370519,
    "end": 1552400370520,
    "duration": 1,
    "pid": 23760,
    "index": 46
  },
  {
    "name": "Require(38) node_modules/egg-static/app.js",
    "start": 1552400370520,
    "end": 1552400370521,
    "duration": 1,
    "pid": 23760,
    "index": 47
  },
  {
    "name": "Require(39) node_modules/egg-cors/app.js",
    "start": 1552400370522,
    "end": 1552400370522,
    "duration": 0,
    "pid": 23760,
    "index": 48
  },
  {
    "name": "Before Start in node_modules/egg-watcher/lib/init.js:15:14",
    "start": 1552400370537,
    "end": 1552400370758,
    "duration": 221,
    "pid": 23760,
    "index": 49
  },
  {
    "name": "Load Service",
    "start": 1552400370589,
    "end": 1552400370599,
    "duration": 10,
    "pid": 23760,
    "index": 50
  },
  {
    "name": "Load \"service\" to Context",
    "start": 1552400370589,
    "end": 1552400370599,
    "duration": 10,
    "pid": 23760,
    "index": 51
  },
  {
    "name": "Load Middleware",
    "start": 1552400370599,
    "end": 1552400370722,
    "duration": 123,
    "pid": 23760,
    "index": 52
  },
  {
    "name": "Load \"middlewares\" to Application",
    "start": 1552400370599,
    "end": 1552400370718,
    "duration": 119,
    "pid": 23760,
    "index": 53
  },
  {
    "name": "Load Controller",
    "start": 1552400370722,
    "end": 1552400370730,
    "duration": 8,
    "pid": 23760,
    "index": 54
  },
  {
    "name": "Load \"controller\" to Application",
    "start": 1552400370722,
    "end": 1552400370730,
    "duration": 8,
    "pid": 23760,
    "index": 55
  },
  {
    "name": "Load Router",
    "start": 1552400370730,
    "end": 1552400370736,
    "duration": 6,
    "pid": 23760,
    "index": 56
  },
  {
    "name": "Require(40) app/router.js",
    "start": 1552400370733,
    "end": 1552400370734,
    "duration": 1,
    "pid": 23760,
    "index": 57
  },
  {
    "name": "Before Start in node_modules/egg-core/lib/egg.js:287:10",
    "start": 1552400370734,
    "end": 1552400370747,
    "duration": 13,
    "pid": 23760,
    "index": 58
  }
]