[
  {
    "name": "Application Start",
    "start": 1552392431375,
    "end": 1552392431806,
    "duration": 431,
    "pid": 23480,
    "index": 0
  },
  {
    "name": "Load Plugin",
    "start": 1552392431381,
    "end": 1552392431399,
    "duration": 18,
    "pid": 23480,
    "index": 1
  },
  {
    "name": "Load Config",
    "start": 1552392431399,
    "end": 1552392431422,
    "duration": 23,
    "pid": 23480,
    "index": 2
  },
  {
    "name": "Require(0) config/config.default.js",
    "start": 1552392431400,
    "end": 1552392431401,
    "duration": 1,
    "pid": 23480,
    "index": 3
  },
  {
    "name": "Require(1) node_modules/egg-session/config/config.default.js",
    "start": 1552392431402,
    "end": 1552392431403,
    "duration": 1,
    "pid": 23480,
    "index": 4
  },
  {
    "name": "Require(2) node_modules/egg-jsonp/config/config.default.js",
    "start": 1552392431403,
    "end": 1552392431404,
    "duration": 1,
    "pid": 23480,
    "index": 5
  },
  {
    "name": "Require(3) node_modules/egg-onerror/config/config.default.js",
    "start": 1552392431404,
    "end": 1552392431405,
    "duration": 1,
    "pid": 23480,
    "index": 6
  },
  {
    "name": "Require(4) node_modules/egg-i18n/config/config.default.js",
    "start": 1552392431405,
    "end": 1552392431406,
    "duration": 1,
    "pid": 23480,
    "index": 7
  },
  {
    "name": "Require(5) node_modules/egg-watcher/config/config.default.js",
    "start": 1552392431406,
    "end": 1552392431407,
    "duration": 1,
    "pid": 23480,
    "index": 8
  },
  {
    "name": "Require(6) node_modules/egg-schedule/config/config.default.js",
    "start": 1552392431407,
    "end": 1552392431408,
    "duration": 1,
    "pid": 23480,
    "index": 9
  },
  {
    "name": "Require(7) node_modules/egg-multipart/config/config.default.js",
    "start": 1552392431409,
    "end": 1552392431409,
    "duration": 0,
    "pid": 23480,
    "index": 10
  },
  {
    "name": "Require(8) node_modules/egg-development/config/config.default.js",
    "start": 1552392431410,
    "end": 1552392431411,
    "duration": 1,
    "pid": 23480,
    "index": 11
  },
  {
    "name": "Require(9) node_modules/egg-logrotator/config/config.default.js",
    "start": 1552392431411,
    "end": 1552392431412,
    "duration": 1,
    "pid": 23480,
    "index": 12
  },
  {
    "name": "Require(10) node_modules/egg-static/config/config.default.js",
    "start": 1552392431412,
    "end": 1552392431413,
    "duration": 1,
    "pid": 23480,
    "index": 13
  },
  {
    "name": "Require(11) node_modules/egg-view/config/config.default.js",
    "start": 1552392431413,
    "end": 1552392431414,
    "duration": 1,
    "pid": 23480,
    "index": 14
  },
  {
    "name": "Require(12) node_modules/egg-cors/config/config.default.js",
    "start": 1552392431414,
    "end": 1552392431415,
    "duration": 1,
    "pid": 23480,
    "index": 15
  },
  {
    "name": "Require(13) node_modules/egg/config/config.default.js",
    "start": 1552392431415,
    "end": 1552392431416,
    "duration": 1,
    "pid": 23480,
    "index": 16
  },
  {
    "name": "Require(14) config/config.default.js",
    "start": 1552392431417,
    "end": 1552392431417,
    "duration": 0,
    "pid": 23480,
    "index": 17
  },
  {
    "name": "Require(15) node_modules/egg-watcher/config/config.local.js",
    "start": 1552392431418,
    "end": 1552392431419,
    "duration": 1,
    "pid": 23480,
    "index": 18
  },
  {
    "name": "Require(16) node_modules/egg-view/config/config.local.js",
    "start": 1552392431420,
    "end": 1552392431420,
    "duration": 0,
    "pid": 23480,
    "index": 19
  },
  {
    "name": "Require(17) node_modules/egg/config/config.local.js",
    "start": 1552392431421,
    "end": 1552392431421,
    "duration": 0,
    "pid": 23480,
    "index": 20
  },
  {
    "name": "Load extend/application.js",
    "start": 1552392431423,
    "end": 1552392431435,
    "duration": 12,
    "pid": 23480,
    "index": 21
  },
  {
    "name": "Require(18) node_modules/egg-session/app/extend/application.js",
    "start": 1552392431424,
    "end": 1552392431425,
    "duration": 1,
    "pid": 23480,
    "index": 22
  },
  {
    "name": "Require(19) node_modules/egg-jsonp/app/extend/application.js",
    "start": 1552392431425,
    "end": 1552392431427,
    "duration": 2,
    "pid": 23480,
    "index": 23
  },
  {
    "name": "Require(20) node_modules/egg-logrotator/app/extend/application.js",
    "start": 1552392431428,
    "end": 1552392431431,
    "duration": 3,
    "pid": 23480,
    "index": 24
  },
  {
    "name": "Require(21) node_modules/egg-view/app/extend/application.js",
    "start": 1552392431431,
    "end": 1552392431433,
    "duration": 2,
    "pid": 23480,
    "index": 25
  },
  {
    "name": "Load extend/request.js",
    "start": 1552392431435,
    "end": 1552392431441,
    "duration": 6,
    "pid": 23480,
    "index": 26
  },
  {
    "name": "Require(22) node_modules/egg/app/extend/request.js",
    "start": 1552392431437,
    "end": 1552392431439,
    "duration": 2,
    "pid": 23480,
    "index": 27
  },
  {
    "name": "Load extend/response.js",
    "start": 1552392431441,
    "end": 1552392431447,
    "duration": 6,
    "pid": 23480,
    "index": 28
  },
  {
    "name": "Require(23) node_modules/egg/app/extend/response.js",
    "start": 1552392431443,
    "end": 1552392431445,
    "duration": 2,
    "pid": 23480,
    "index": 29
  },
  {
    "name": "Load extend/context.js",
    "start": 1552392431447,
    "end": 1552392431518,
    "duration": 71,
    "pid": 23480,
    "index": 30
  },
  {
    "name": "Require(24) node_modules/egg-jsonp/app/extend/context.js",
    "start": 1552392431447,
    "end": 1552392431450,
    "duration": 3,
    "pid": 23480,
    "index": 31
  },
  {
    "name": "Require(25) node_modules/egg-i18n/app/extend/context.js",
    "start": 1552392431450,
    "end": 1552392431452,
    "duration": 2,
    "pid": 23480,
    "index": 32
  },
  {
    "name": "Require(26) node_modules/egg-multipart/app/extend/context.js",
    "start": 1552392431453,
    "end": 1552392431511,
    "duration": 58,
    "pid": 23480,
    "index": 33
  },
  {
    "name": "Require(27) node_modules/egg-view/app/extend/context.js",
    "start": 1552392431512,
    "end": 1552392431513,
    "duration": 1,
    "pid": 23480,
    "index": 34
  },
  {
    "name": "Require(28) node_modules/egg/app/extend/context.js",
    "start": 1552392431514,
    "end": 1552392431516,
    "duration": 2,
    "pid": 23480,
    "index": 35
  },
  {
    "name": "Load extend/helper.js",
    "start": 1552392431519,
    "end": 1552392431523,
    "duration": 4,
    "pid": 23480,
    "index": 36
  },
  {
    "name": "Require(29) node_modules/egg/app/extend/helper.js",
    "start": 1552392431521,
    "end": 1552392431521,
    "duration": 0,
    "pid": 23480,
    "index": 37
  },
  {
    "name": "Load app.js",
    "start": 1552392431523,
    "end": 1552392431580,
    "duration": 57,
    "pid": 23480,
    "index": 38
  },
  {
    "name": "Require(30) node_modules/egg-session/app.js",
    "start": 1552392431524,
    "end": 1552392431524,
    "duration": 0,
    "pid": 23480,
    "index": 39
  },
  {
    "name": "Require(31) node_modules/egg-onerror/app.js",
    "start": 1552392431525,
    "end": 1552392431538,
    "duration": 13,
    "pid": 23480,
    "index": 40
  },
  {
    "name": "Require(32) node_modules/egg-i18n/app.js",
    "start": 1552392431538,
    "end": 1552392431565,
    "duration": 27,
    "pid": 23480,
    "index": 41
  },
  {
    "name": "Require(33) node_modules/egg-watcher/app.js",
    "start": 1552392431565,
    "end": 1552392431570,
    "duration": 5,
    "pid": 23480,
    "index": 42
  },
  {
    "name": "Require(34) node_modules/egg-schedule/app.js",
    "start": 1552392431570,
    "end": 1552392431572,
    "duration": 2,
    "pid": 23480,
    "index": 43
  },
  {
    "name": "Require(35) node_modules/egg-multipart/app.js",
    "start": 1552392431573,
    "end": 1552392431576,
    "duration": 3,
    "pid": 23480,
    "index": 44
  },
  {
    "name": "Require(36) node_modules/egg-development/app.js",
    "start": 1552392431576,
    "end": 1552392431577,
    "duration": 1,
    "pid": 23480,
    "index": 45
  },
  {
    "name": "Require(37) node_modules/egg-logrotator/app.js",
    "start": 1552392431577,
    "end": 1552392431578,
    "duration": 1,
    "pid": 23480,
    "index": 46
  },
  {
    "name": "Require(38) node_modules/egg-static/app.js",
    "start": 1552392431578,
    "end": 1552392431578,
    "duration": 0,
    "pid": 23480,
    "index": 47
  },
  {
    "name": "Require(39) node_modules/egg-cors/app.js",
    "start": 1552392431579,
    "end": 1552392431580,
    "duration": 1,
    "pid": 23480,
    "index": 48
  },
  {
    "name": "Before Start in node_modules/egg-watcher/lib/init.js:15:14",
    "start": 1552392431595,
    "end": 1552392431805,
    "duration": 210,
    "pid": 23480,
    "index": 49
  },
  {
    "name": "Load Service",
    "start": 1552392431642,
    "end": 1552392431651,
    "duration": 9,
    "pid": 23480,
    "index": 50
  },
  {
    "name": "Load \"service\" to Context",
    "start": 1552392431642,
    "end": 1552392431651,
    "duration": 9,
    "pid": 23480,
    "index": 51
  },
  {
    "name": "Load Middleware",
    "start": 1552392431651,
    "end": 1552392431771,
    "duration": 120,
    "pid": 23480,
    "index": 52
  },
  {
    "name": "Load \"middlewares\" to Application",
    "start": 1552392431651,
    "end": 1552392431767,
    "duration": 116,
    "pid": 23480,
    "index": 53
  },
  {
    "name": "Load Controller",
    "start": 1552392431771,
    "end": 1552392431778,
    "duration": 7,
    "pid": 23480,
    "index": 54
  },
  {
    "name": "Load \"controller\" to Application",
    "start": 1552392431771,
    "end": 1552392431778,
    "duration": 7,
    "pid": 23480,
    "index": 55
  },
  {
    "name": "Load Router",
    "start": 1552392431779,
    "end": 1552392431784,
    "duration": 5,
    "pid": 23480,
    "index": 56
  },
  {
    "name": "Require(40) app/router.js",
    "start": 1552392431781,
    "end": 1552392431782,
    "duration": 1,
    "pid": 23480,
    "index": 57
  },
  {
    "name": "Before Start in node_modules/egg-core/lib/egg.js:287:10",
    "start": 1552392431782,
    "end": 1552392431794,
    "duration": 12,
    "pid": 23480,
    "index": 58
  }
]