[
  {
    "name": "Application Start",
    "start": 1552393911757,
    "end": 1552393912202,
    "duration": 445,
    "pid": 21404,
    "index": 0
  },
  {
    "name": "Load Plugin",
    "start": 1552393911764,
    "end": 1552393911783,
    "duration": 19,
    "pid": 21404,
    "index": 1
  },
  {
    "name": "Load Config",
    "start": 1552393911784,
    "end": 1552393911808,
    "duration": 24,
    "pid": 21404,
    "index": 2
  },
  {
    "name": "Require(0) config/config.default.js",
    "start": 1552393911784,
    "end": 1552393911785,
    "duration": 1,
    "pid": 21404,
    "index": 3
  },
  {
    "name": "Require(1) node_modules/egg-session/config/config.default.js",
    "start": 1552393911787,
    "end": 1552393911788,
    "duration": 1,
    "pid": 21404,
    "index": 4
  },
  {
    "name": "Require(2) node_modules/egg-jsonp/config/config.default.js",
    "start": 1552393911788,
    "end": 1552393911789,
    "duration": 1,
    "pid": 21404,
    "index": 5
  },
  {
    "name": "Require(3) node_modules/egg-onerror/config/config.default.js",
    "start": 1552393911789,
    "end": 1552393911790,
    "duration": 1,
    "pid": 21404,
    "index": 6
  },
  {
    "name": "Require(4) node_modules/egg-i18n/config/config.default.js",
    "start": 1552393911790,
    "end": 1552393911791,
    "duration": 1,
    "pid": 21404,
    "index": 7
  },
  {
    "name": "Require(5) node_modules/egg-watcher/config/config.default.js",
    "start": 1552393911791,
    "end": 1552393911792,
    "duration": 1,
    "pid": 21404,
    "index": 8
  },
  {
    "name": "Require(6) node_modules/egg-schedule/config/config.default.js",
    "start": 1552393911792,
    "end": 1552393911793,
    "duration": 1,
    "pid": 21404,
    "index": 9
  },
  {
    "name": "Require(7) node_modules/egg-multipart/config/config.default.js",
    "start": 1552393911794,
    "end": 1552393911795,
    "duration": 1,
    "pid": 21404,
    "index": 10
  },
  {
    "name": "Require(8) node_modules/egg-development/config/config.default.js",
    "start": 1552393911796,
    "end": 1552393911796,
    "duration": 0,
    "pid": 21404,
    "index": 11
  },
  {
    "name": "Require(9) node_modules/egg-logrotator/config/config.default.js",
    "start": 1552393911797,
    "end": 1552393911798,
    "duration": 1,
    "pid": 21404,
    "index": 12
  },
  {
    "name": "Require(10) node_modules/egg-static/config/config.default.js",
    "start": 1552393911798,
    "end": 1552393911798,
    "duration": 0,
    "pid": 21404,
    "index": 13
  },
  {
    "name": "Require(11) node_modules/egg-view/config/config.default.js",
    "start": 1552393911799,
    "end": 1552393911800,
    "duration": 1,
    "pid": 21404,
    "index": 14
  },
  {
    "name": "Require(12) node_modules/egg-cors/config/config.default.js",
    "start": 1552393911800,
    "end": 1552393911800,
    "duration": 0,
    "pid": 21404,
    "index": 15
  },
  {
    "name": "Require(13) node_modules/egg/config/config.default.js",
    "start": 1552393911801,
    "end": 1552393911802,
    "duration": 1,
    "pid": 21404,
    "index": 16
  },
  {
    "name": "Require(14) config/config.default.js",
    "start": 1552393911803,
    "end": 1552393911803,
    "duration": 0,
    "pid": 21404,
    "index": 17
  },
  {
    "name": "Require(15) node_modules/egg-watcher/config/config.local.js",
    "start": 1552393911804,
    "end": 1552393911805,
    "duration": 1,
    "pid": 21404,
    "index": 18
  },
  {
    "name": "Require(16) node_modules/egg-view/config/config.local.js",
    "start": 1552393911806,
    "end": 1552393911807,
    "duration": 1,
    "pid": 21404,
    "index": 19
  },
  {
    "name": "Require(17) node_modules/egg/config/config.local.js",
    "start": 1552393911807,
    "end": 1552393911808,
    "duration": 1,
    "pid": 21404,
    "index": 20
  },
  {
    "name": "Load extend/application.js",
    "start": 1552393911810,
    "end": 1552393911822,
    "duration": 12,
    "pid": 21404,
    "index": 21
  },
  {
    "name": "Require(18) node_modules/egg-session/app/extend/application.js",
    "start": 1552393911810,
    "end": 1552393911811,
    "duration": 1,
    "pid": 21404,
    "index": 22
  },
  {
    "name": "Require(19) node_modules/egg-jsonp/app/extend/application.js",
    "start": 1552393911811,
    "end": 1552393911814,
    "duration": 3,
    "pid": 21404,
    "index": 23
  },
  {
    "name": "Require(20) node_modules/egg-logrotator/app/extend/application.js",
    "start": 1552393911815,
    "end": 1552393911818,
    "duration": 3,
    "pid": 21404,
    "index": 24
  },
  {
    "name": "Require(21) node_modules/egg-view/app/extend/application.js",
    "start": 1552393911818,
    "end": 1552393911820,
    "duration": 2,
    "pid": 21404,
    "index": 25
  },
  {
    "name": "Load extend/request.js",
    "start": 1552393911822,
    "end": 1552393911827,
    "duration": 5,
    "pid": 21404,
    "index": 26
  },
  {
    "name": "Require(22) node_modules/egg/app/extend/request.js",
    "start": 1552393911824,
    "end": 1552393911825,
    "duration": 1,
    "pid": 21404,
    "index": 27
  },
  {
    "name": "Load extend/response.js",
    "start": 1552393911827,
    "end": 1552393911834,
    "duration": 7,
    "pid": 21404,
    "index": 28
  },
  {
    "name": "Require(23) node_modules/egg/app/extend/response.js",
    "start": 1552393911830,
    "end": 1552393911832,
    "duration": 2,
    "pid": 21404,
    "index": 29
  },
  {
    "name": "Load extend/context.js",
    "start": 1552393911834,
    "end": 1552393911901,
    "duration": 67,
    "pid": 21404,
    "index": 30
  },
  {
    "name": "Require(24) node_modules/egg-jsonp/app/extend/context.js",
    "start": 1552393911835,
    "end": 1552393911837,
    "duration": 2,
    "pid": 21404,
    "index": 31
  },
  {
    "name": "Require(25) node_modules/egg-i18n/app/extend/context.js",
    "start": 1552393911838,
    "end": 1552393911840,
    "duration": 2,
    "pid": 21404,
    "index": 32
  },
  {
    "name": "Require(26) node_modules/egg-multipart/app/extend/context.js",
    "start": 1552393911840,
    "end": 1552393911894,
    "duration": 54,
    "pid": 21404,
    "index": 33
  },
  {
    "name": "Require(27) node_modules/egg-view/app/extend/context.js",
    "start": 1552393911895,
    "end": 1552393911896,
    "duration": 1,
    "pid": 21404,
    "index": 34
  },
  {
    "name": "Require(28) node_modules/egg/app/extend/context.js",
    "start": 1552393911896,
    "end": 1552393911899,
    "duration": 3,
    "pid": 21404,
    "index": 35
  },
  {
    "name": "Load extend/helper.js",
    "start": 1552393911901,
    "end": 1552393911905,
    "duration": 4,
    "pid": 21404,
    "index": 36
  },
  {
    "name": "Require(29) node_modules/egg/app/extend/helper.js",
    "start": 1552393911903,
    "end": 1552393911903,
    "duration": 0,
    "pid": 21404,
    "index": 37
  },
  {
    "name": "Load app.js",
    "start": 1552393911905,
    "end": 1552393911962,
    "duration": 57,
    "pid": 21404,
    "index": 38
  },
  {
    "name": "Require(30) node_modules/egg-session/app.js",
    "start": 1552393911905,
    "end": 1552393911906,
    "duration": 1,
    "pid": 21404,
    "index": 39
  },
  {
    "name": "Require(31) node_modules/egg-onerror/app.js",
    "start": 1552393911907,
    "end": 1552393911920,
    "duration": 13,
    "pid": 21404,
    "index": 40
  },
  {
    "name": "Require(32) node_modules/egg-i18n/app.js",
    "start": 1552393911920,
    "end": 1552393911946,
    "duration": 26,
    "pid": 21404,
    "index": 41
  },
  {
    "name": "Require(33) node_modules/egg-watcher/app.js",
    "start": 1552393911946,
    "end": 1552393911951,
    "duration": 5,
    "pid": 21404,
    "index": 42
  },
  {
    "name": "Require(34) node_modules/egg-schedule/app.js",
    "start": 1552393911952,
    "end": 1552393911953,
    "duration": 1,
    "pid": 21404,
    "index": 43
  },
  {
    "name": "Require(35) node_modules/egg-multipart/app.js",
    "start": 1552393911954,
    "end": 1552393911957,
    "duration": 3,
    "pid": 21404,
    "index": 44
  },
  {
    "name": "Require(36) node_modules/egg-development/app.js",
    "start": 1552393911958,
    "end": 1552393911958,
    "duration": 0,
    "pid": 21404,
    "index": 45
  },
  {
    "name": "Require(37) node_modules/egg-logrotator/app.js",
    "start": 1552393911959,
    "end": 1552393911959,
    "duration": 0,
    "pid": 21404,
    "index": 46
  },
  {
    "name": "Require(38) node_modules/egg-static/app.js",
    "start": 1552393911960,
    "end": 1552393911960,
    "duration": 0,
    "pid": 21404,
    "index": 47
  },
  {
    "name": "Require(39) node_modules/egg-cors/app.js",
    "start": 1552393911961,
    "end": 1552393911961,
    "duration": 0,
    "pid": 21404,
    "index": 48
  },
  {
    "name": "Before Start in node_modules/egg-watcher/lib/init.js:15:14",
    "start": 1552393911977,
    "end": 1552393912202,
    "duration": 225,
    "pid": 21404,
    "index": 49
  },
  {
    "name": "Load Service",
    "start": 1552393912028,
    "end": 1552393912037,
    "duration": 9,
    "pid": 21404,
    "index": 50
  },
  {
    "name": "Load \"service\" to Context",
    "start": 1552393912029,
    "end": 1552393912037,
    "duration": 8,
    "pid": 21404,
    "index": 51
  },
  {
    "name": "Load Middleware",
    "start": 1552393912037,
    "end": 1552393912159,
    "duration": 122,
    "pid": 21404,
    "index": 52
  },
  {
    "name": "Load \"middlewares\" to Application",
    "start": 1552393912038,
    "end": 1552393912154,
    "duration": 116,
    "pid": 21404,
    "index": 53
  },
  {
    "name": "Load Controller",
    "start": 1552393912159,
    "end": 1552393912172,
    "duration": 13,
    "pid": 21404,
    "index": 54
  },
  {
    "name": "Load \"controller\" to Application",
    "start": 1552393912159,
    "end": 1552393912172,
    "duration": 13,
    "pid": 21404,
    "index": 55
  },
  {
    "name": "Load Router",
    "start": 1552393912172,
    "end": 1552393912176,
    "duration": 4,
    "pid": 21404,
    "index": 56
  },
  {
    "name": "Require(40) app/router.js",
    "start": 1552393912173,
    "end": 1552393912173,
    "duration": 0,
    "pid": 21404,
    "index": 57
  },
  {
    "name": "Before Start in node_modules/egg-core/lib/egg.js:287:10",
    "start": 1552393912174,
    "end": 1552393912189,
    "duration": 15,
    "pid": 21404,
    "index": 58
  }
]