[
  {
    "name": "Application Start",
    "start": 1552393296090,
    "end": 1552393296559,
    "duration": 469,
    "pid": 10296,
    "index": 0
  },
  {
    "name": "Load Plugin",
    "start": 1552393296098,
    "end": 1552393296128,
    "duration": 30,
    "pid": 10296,
    "index": 1
  },
  {
    "name": "Load Config",
    "start": 1552393296128,
    "end": 1552393296155,
    "duration": 27,
    "pid": 10296,
    "index": 2
  },
  {
    "name": "Require(0) config/config.default.js",
    "start": 1552393296130,
    "end": 1552393296131,
    "duration": 1,
    "pid": 10296,
    "index": 3
  },
  {
    "name": "Require(1) node_modules/egg-session/config/config.default.js",
    "start": 1552393296133,
    "end": 1552393296134,
    "duration": 1,
    "pid": 10296,
    "index": 4
  },
  {
    "name": "Require(2) node_modules/egg-jsonp/config/config.default.js",
    "start": 1552393296135,
    "end": 1552393296136,
    "duration": 1,
    "pid": 10296,
    "index": 5
  },
  {
    "name": "Require(3) node_modules/egg-onerror/config/config.default.js",
    "start": 1552393296136,
    "end": 1552393296137,
    "duration": 1,
    "pid": 10296,
    "index": 6
  },
  {
    "name": "Require(4) node_modules/egg-i18n/config/config.default.js",
    "start": 1552393296137,
    "end": 1552393296138,
    "duration": 1,
    "pid": 10296,
    "index": 7
  },
  {
    "name": "Require(5) node_modules/egg-watcher/config/config.default.js",
    "start": 1552393296139,
    "end": 1552393296140,
    "duration": 1,
    "pid": 10296,
    "index": 8
  },
  {
    "name": "Require(6) node_modules/egg-schedule/config/config.default.js",
    "start": 1552393296140,
    "end": 1552393296141,
    "duration": 1,
    "pid": 10296,
    "index": 9
  },
  {
    "name": "Require(7) node_modules/egg-multipart/config/config.default.js",
    "start": 1552393296142,
    "end": 1552393296142,
    "duration": 0,
    "pid": 10296,
    "index": 10
  },
  {
    "name": "Require(8) node_modules/egg-development/config/config.default.js",
    "start": 1552393296143,
    "end": 1552393296143,
    "duration": 0,
    "pid": 10296,
    "index": 11
  },
  {
    "name": "Require(9) node_modules/egg-logrotator/config/config.default.js",
    "start": 1552393296144,
    "end": 1552393296144,
    "duration": 0,
    "pid": 10296,
    "index": 12
  },
  {
    "name": "Require(10) node_modules/egg-static/config/config.default.js",
    "start": 1552393296145,
    "end": 1552393296145,
    "duration": 0,
    "pid": 10296,
    "index": 13
  },
  {
    "name": "Require(11) node_modules/egg-view/config/config.default.js",
    "start": 1552393296146,
    "end": 1552393296146,
    "duration": 0,
    "pid": 10296,
    "index": 14
  },
  {
    "name": "Require(12) node_modules/egg-cors/config/config.default.js",
    "start": 1552393296147,
    "end": 1552393296147,
    "duration": 0,
    "pid": 10296,
    "index": 15
  },
  {
    "name": "Require(13) node_modules/egg/config/config.default.js",
    "start": 1552393296148,
    "end": 1552393296149,
    "duration": 1,
    "pid": 10296,
    "index": 16
  },
  {
    "name": "Require(14) config/config.default.js",
    "start": 1552393296150,
    "end": 1552393296150,
    "duration": 0,
    "pid": 10296,
    "index": 17
  },
  {
    "name": "Require(15) node_modules/egg-watcher/config/config.local.js",
    "start": 1552393296151,
    "end": 1552393296152,
    "duration": 1,
    "pid": 10296,
    "index": 18
  },
  {
    "name": "Require(16) node_modules/egg-view/config/config.local.js",
    "start": 1552393296153,
    "end": 1552393296153,
    "duration": 0,
    "pid": 10296,
    "index": 19
  },
  {
    "name": "Require(17) node_modules/egg/config/config.local.js",
    "start": 1552393296154,
    "end": 1552393296155,
    "duration": 1,
    "pid": 10296,
    "index": 20
  },
  {
    "name": "Load extend/application.js",
    "start": 1552393296158,
    "end": 1552393296173,
    "duration": 15,
    "pid": 10296,
    "index": 21
  },
  {
    "name": "Require(18) node_modules/egg-session/app/extend/application.js",
    "start": 1552393296159,
    "end": 1552393296160,
    "duration": 1,
    "pid": 10296,
    "index": 22
  },
  {
    "name": "Require(19) node_modules/egg-jsonp/app/extend/application.js",
    "start": 1552393296160,
    "end": 1552393296162,
    "duration": 2,
    "pid": 10296,
    "index": 23
  },
  {
    "name": "Require(20) node_modules/egg-logrotator/app/extend/application.js",
    "start": 1552393296164,
    "end": 1552393296167,
    "duration": 3,
    "pid": 10296,
    "index": 24
  },
  {
    "name": "Require(21) node_modules/egg-view/app/extend/application.js",
    "start": 1552393296167,
    "end": 1552393296170,
    "duration": 3,
    "pid": 10296,
    "index": 25
  },
  {
    "name": "Load extend/request.js",
    "start": 1552393296173,
    "end": 1552393296179,
    "duration": 6,
    "pid": 10296,
    "index": 26
  },
  {
    "name": "Require(22) node_modules/egg/app/extend/request.js",
    "start": 1552393296175,
    "end": 1552393296177,
    "duration": 2,
    "pid": 10296,
    "index": 27
  },
  {
    "name": "Load extend/response.js",
    "start": 1552393296179,
    "end": 1552393296185,
    "duration": 6,
    "pid": 10296,
    "index": 28
  },
  {
    "name": "Require(23) node_modules/egg/app/extend/response.js",
    "start": 1552393296181,
    "end": 1552393296183,
    "duration": 2,
    "pid": 10296,
    "index": 29
  },
  {
    "name": "Load extend/context.js",
    "start": 1552393296185,
    "end": 1552393296257,
    "duration": 72,
    "pid": 10296,
    "index": 30
  },
  {
    "name": "Require(24) node_modules/egg-jsonp/app/extend/context.js",
    "start": 1552393296185,
    "end": 1552393296187,
    "duration": 2,
    "pid": 10296,
    "index": 31
  },
  {
    "name": "Require(25) node_modules/egg-i18n/app/extend/context.js",
    "start": 1552393296188,
    "end": 1552393296190,
    "duration": 2,
    "pid": 10296,
    "index": 32
  },
  {
    "name": "Require(26) node_modules/egg-multipart/app/extend/context.js",
    "start": 1552393296191,
    "end": 1552393296249,
    "duration": 58,
    "pid": 10296,
    "index": 33
  },
  {
    "name": "Require(27) node_modules/egg-view/app/extend/context.js",
    "start": 1552393296250,
    "end": 1552393296252,
    "duration": 2,
    "pid": 10296,
    "index": 34
  },
  {
    "name": "Require(28) node_modules/egg/app/extend/context.js",
    "start": 1552393296252,
    "end": 1552393296254,
    "duration": 2,
    "pid": 10296,
    "index": 35
  },
  {
    "name": "Load extend/helper.js",
    "start": 1552393296257,
    "end": 1552393296264,
    "duration": 7,
    "pid": 10296,
    "index": 36
  },
  {
    "name": "Require(29) node_modules/egg/app/extend/helper.js",
    "start": 1552393296260,
    "end": 1552393296261,
    "duration": 1,
    "pid": 10296,
    "index": 37
  },
  {
    "name": "Load app.js",
    "start": 1552393296264,
    "end": 1552393296319,
    "duration": 55,
    "pid": 10296,
    "index": 38
  },
  {
    "name": "Require(30) node_modules/egg-session/app.js",
    "start": 1552393296265,
    "end": 1552393296265,
    "duration": 0,
    "pid": 10296,
    "index": 39
  },
  {
    "name": "Require(31) node_modules/egg-onerror/app.js",
    "start": 1552393296266,
    "end": 1552393296280,
    "duration": 14,
    "pid": 10296,
    "index": 40
  },
  {
    "name": "Require(32) node_modules/egg-i18n/app.js",
    "start": 1552393296280,
    "end": 1552393296305,
    "duration": 25,
    "pid": 10296,
    "index": 41
  },
  {
    "name": "Require(33) node_modules/egg-watcher/app.js",
    "start": 1552393296305,
    "end": 1552393296310,
    "duration": 5,
    "pid": 10296,
    "index": 42
  },
  {
    "name": "Require(34) node_modules/egg-schedule/app.js",
    "start": 1552393296310,
    "end": 1552393296312,
    "duration": 2,
    "pid": 10296,
    "index": 43
  },
  {
    "name": "Require(35) node_modules/egg-multipart/app.js",
    "start": 1552393296312,
    "end": 1552393296315,
    "duration": 3,
    "pid": 10296,
    "index": 44
  },
  {
    "name": "Require(36) node_modules/egg-development/app.js",
    "start": 1552393296315,
    "end": 1552393296316,
    "duration": 1,
    "pid": 10296,
    "index": 45
  },
  {
    "name": "Require(37) node_modules/egg-logrotator/app.js",
    "start": 1552393296316,
    "end": 1552393296317,
    "duration": 1,
    "pid": 10296,
    "index": 46
  },
  {
    "name": "Require(38) node_modules/egg-static/app.js",
    "start": 1552393296317,
    "end": 1552393296317,
    "duration": 0,
    "pid": 10296,
    "index": 47
  },
  {
    "name": "Require(39) node_modules/egg-cors/app.js",
    "start": 1552393296318,
    "end": 1552393296318,
    "duration": 0,
    "pid": 10296,
    "index": 48
  },
  {
    "name": "Before Start in node_modules/egg-watcher/lib/init.js:15:14",
    "start": 1552393296334,
    "end": 1552393296558,
    "duration": 224,
    "pid": 10296,
    "index": 49
  },
  {
    "name": "Load Service",
    "start": 1552393296385,
    "end": 1552393296394,
    "duration": 9,
    "pid": 10296,
    "index": 50
  },
  {
    "name": "Load \"service\" to Context",
    "start": 1552393296385,
    "end": 1552393296394,
    "duration": 9,
    "pid": 10296,
    "index": 51
  },
  {
    "name": "Load Middleware",
    "start": 1552393296394,
    "end": 1552393296522,
    "duration": 128,
    "pid": 10296,
    "index": 52
  },
  {
    "name": "Load \"middlewares\" to Application",
    "start": 1552393296395,
    "end": 1552393296518,
    "duration": 123,
    "pid": 10296,
    "index": 53
  },
  {
    "name": "Load Controller",
    "start": 1552393296522,
    "end": 1552393296530,
    "duration": 8,
    "pid": 10296,
    "index": 54
  },
  {
    "name": "Load \"controller\" to Application",
    "start": 1552393296522,
    "end": 1552393296530,
    "duration": 8,
    "pid": 10296,
    "index": 55
  },
  {
    "name": "Load Router",
    "start": 1552393296530,
    "end": 1552393296535,
    "duration": 5,
    "pid": 10296,
    "index": 56
  },
  {
    "name": "Require(40) app/router.js",
    "start": 1552393296530,
    "end": 1552393296531,
    "duration": 1,
    "pid": 10296,
    "index": 57
  },
  {
    "name": "Before Start in node_modules/egg-core/lib/egg.js:287:10",
    "start": 1552393296531,
    "end": 1552393296546,
    "duration": 15,
    "pid": 10296,
    "index": 58
  }
]