[
  {
    "name": "Application Start",
    "start": 1552395178108,
    "end": 1552395178573,
    "duration": 465,
    "pid": 23252,
    "index": 0
  },
  {
    "name": "Load Plugin",
    "start": 1552395178115,
    "end": 1552395178137,
    "duration": 22,
    "pid": 23252,
    "index": 1
  },
  {
    "name": "Load Config",
    "start": 1552395178138,
    "end": 1552395178164,
    "duration": 26,
    "pid": 23252,
    "index": 2
  },
  {
    "name": "Require(0) config/config.default.js",
    "start": 1552395178139,
    "end": 1552395178139,
    "duration": 0,
    "pid": 23252,
    "index": 3
  },
  {
    "name": "Require(1) node_modules/egg-session/config/config.default.js",
    "start": 1552395178141,
    "end": 1552395178142,
    "duration": 1,
    "pid": 23252,
    "index": 4
  },
  {
    "name": "Require(2) node_modules/egg-jsonp/config/config.default.js",
    "start": 1552395178142,
    "end": 1552395178143,
    "duration": 1,
    "pid": 23252,
    "index": 5
  },
  {
    "name": "Require(3) node_modules/egg-onerror/config/config.default.js",
    "start": 1552395178143,
    "end": 1552395178144,
    "duration": 1,
    "pid": 23252,
    "index": 6
  },
  {
    "name": "Require(4) node_modules/egg-i18n/config/config.default.js",
    "start": 1552395178144,
    "end": 1552395178145,
    "duration": 1,
    "pid": 23252,
    "index": 7
  },
  {
    "name": "Require(5) node_modules/egg-watcher/config/config.default.js",
    "start": 1552395178146,
    "end": 1552395178147,
    "duration": 1,
    "pid": 23252,
    "index": 8
  },
  {
    "name": "Require(6) node_modules/egg-schedule/config/config.default.js",
    "start": 1552395178147,
    "end": 1552395178148,
    "duration": 1,
    "pid": 23252,
    "index": 9
  },
  {
    "name": "Require(7) node_modules/egg-multipart/config/config.default.js",
    "start": 1552395178148,
    "end": 1552395178149,
    "duration": 1,
    "pid": 23252,
    "index": 10
  },
  {
    "name": "Require(8) node_modules/egg-development/config/config.default.js",
    "start": 1552395178150,
    "end": 1552395178151,
    "duration": 1,
    "pid": 23252,
    "index": 11
  },
  {
    "name": "Require(9) node_modules/egg-logrotator/config/config.default.js",
    "start": 1552395178151,
    "end": 1552395178152,
    "duration": 1,
    "pid": 23252,
    "index": 12
  },
  {
    "name": "Require(10) node_modules/egg-static/config/config.default.js",
    "start": 1552395178152,
    "end": 1552395178153,
    "duration": 1,
    "pid": 23252,
    "index": 13
  },
  {
    "name": "Require(11) node_modules/egg-view/config/config.default.js",
    "start": 1552395178153,
    "end": 1552395178154,
    "duration": 1,
    "pid": 23252,
    "index": 14
  },
  {
    "name": "Require(12) node_modules/egg-cors/config/config.default.js",
    "start": 1552395178155,
    "end": 1552395178156,
    "duration": 1,
    "pid": 23252,
    "index": 15
  },
  {
    "name": "Require(13) node_modules/egg/config/config.default.js",
    "start": 1552395178156,
    "end": 1552395178157,
    "duration": 1,
    "pid": 23252,
    "index": 16
  },
  {
    "name": "Require(14) config/config.default.js",
    "start": 1552395178159,
    "end": 1552395178159,
    "duration": 0,
    "pid": 23252,
    "index": 17
  },
  {
    "name": "Require(15) node_modules/egg-watcher/config/config.local.js",
    "start": 1552395178160,
    "end": 1552395178161,
    "duration": 1,
    "pid": 23252,
    "index": 18
  },
  {
    "name": "Require(16) node_modules/egg-view/config/config.local.js",
    "start": 1552395178162,
    "end": 1552395178162,
    "duration": 0,
    "pid": 23252,
    "index": 19
  },
  {
    "name": "Require(17) node_modules/egg/config/config.local.js",
    "start": 1552395178163,
    "end": 1552395178163,
    "duration": 0,
    "pid": 23252,
    "index": 20
  },
  {
    "name": "Load extend/application.js",
    "start": 1552395178166,
    "end": 1552395178181,
    "duration": 15,
    "pid": 23252,
    "index": 21
  },
  {
    "name": "Require(18) node_modules/egg-session/app/extend/application.js",
    "start": 1552395178167,
    "end": 1552395178168,
    "duration": 1,
    "pid": 23252,
    "index": 22
  },
  {
    "name": "Require(19) node_modules/egg-jsonp/app/extend/application.js",
    "start": 1552395178168,
    "end": 1552395178170,
    "duration": 2,
    "pid": 23252,
    "index": 23
  },
  {
    "name": "Require(20) node_modules/egg-logrotator/app/extend/application.js",
    "start": 1552395178172,
    "end": 1552395178175,
    "duration": 3,
    "pid": 23252,
    "index": 24
  },
  {
    "name": "Require(21) node_modules/egg-view/app/extend/application.js",
    "start": 1552395178175,
    "end": 1552395178177,
    "duration": 2,
    "pid": 23252,
    "index": 25
  },
  {
    "name": "Load extend/request.js",
    "start": 1552395178181,
    "end": 1552395178190,
    "duration": 9,
    "pid": 23252,
    "index": 26
  },
  {
    "name": "Require(22) node_modules/egg/app/extend/request.js",
    "start": 1552395178184,
    "end": 1552395178186,
    "duration": 2,
    "pid": 23252,
    "index": 27
  },
  {
    "name": "Load extend/response.js",
    "start": 1552395178190,
    "end": 1552395178196,
    "duration": 6,
    "pid": 23252,
    "index": 28
  },
  {
    "name": "Require(23) node_modules/egg/app/extend/response.js",
    "start": 1552395178192,
    "end": 1552395178194,
    "duration": 2,
    "pid": 23252,
    "index": 29
  },
  {
    "name": "Load extend/context.js",
    "start": 1552395178196,
    "end": 1552395178269,
    "duration": 73,
    "pid": 23252,
    "index": 30
  },
  {
    "name": "Require(24) node_modules/egg-jsonp/app/extend/context.js",
    "start": 1552395178197,
    "end": 1552395178200,
    "duration": 3,
    "pid": 23252,
    "index": 31
  },
  {
    "name": "Require(25) node_modules/egg-i18n/app/extend/context.js",
    "start": 1552395178200,
    "end": 1552395178203,
    "duration": 3,
    "pid": 23252,
    "index": 32
  },
  {
    "name": "Require(26) node_modules/egg-multipart/app/extend/context.js",
    "start": 1552395178203,
    "end": 1552395178262,
    "duration": 59,
    "pid": 23252,
    "index": 33
  },
  {
    "name": "Require(27) node_modules/egg-view/app/extend/context.js",
    "start": 1552395178263,
    "end": 1552395178265,
    "duration": 2,
    "pid": 23252,
    "index": 34
  },
  {
    "name": "Require(28) node_modules/egg/app/extend/context.js",
    "start": 1552395178265,
    "end": 1552395178267,
    "duration": 2,
    "pid": 23252,
    "index": 35
  },
  {
    "name": "Load extend/helper.js",
    "start": 1552395178269,
    "end": 1552395178274,
    "duration": 5,
    "pid": 23252,
    "index": 36
  },
  {
    "name": "Require(29) node_modules/egg/app/extend/helper.js",
    "start": 1552395178271,
    "end": 1552395178272,
    "duration": 1,
    "pid": 23252,
    "index": 37
  },
  {
    "name": "Load app.js",
    "start": 1552395178274,
    "end": 1552395178334,
    "duration": 60,
    "pid": 23252,
    "index": 38
  },
  {
    "name": "Require(30) node_modules/egg-session/app.js",
    "start": 1552395178274,
    "end": 1552395178275,
    "duration": 1,
    "pid": 23252,
    "index": 39
  },
  {
    "name": "Require(31) node_modules/egg-onerror/app.js",
    "start": 1552395178276,
    "end": 1552395178291,
    "duration": 15,
    "pid": 23252,
    "index": 40
  },
  {
    "name": "Require(32) node_modules/egg-i18n/app.js",
    "start": 1552395178292,
    "end": 1552395178318,
    "duration": 26,
    "pid": 23252,
    "index": 41
  },
  {
    "name": "Require(33) node_modules/egg-watcher/app.js",
    "start": 1552395178318,
    "end": 1552395178323,
    "duration": 5,
    "pid": 23252,
    "index": 42
  },
  {
    "name": "Require(34) node_modules/egg-schedule/app.js",
    "start": 1552395178323,
    "end": 1552395178325,
    "duration": 2,
    "pid": 23252,
    "index": 43
  },
  {
    "name": "Require(35) node_modules/egg-multipart/app.js",
    "start": 1552395178326,
    "end": 1552395178329,
    "duration": 3,
    "pid": 23252,
    "index": 44
  },
  {
    "name": "Require(36) node_modules/egg-development/app.js",
    "start": 1552395178329,
    "end": 1552395178330,
    "duration": 1,
    "pid": 23252,
    "index": 45
  },
  {
    "name": "Require(37) node_modules/egg-logrotator/app.js",
    "start": 1552395178330,
    "end": 1552395178331,
    "duration": 1,
    "pid": 23252,
    "index": 46
  },
  {
    "name": "Require(38) node_modules/egg-static/app.js",
    "start": 1552395178331,
    "end": 1552395178332,
    "duration": 1,
    "pid": 23252,
    "index": 47
  },
  {
    "name": "Require(39) node_modules/egg-cors/app.js",
    "start": 1552395178332,
    "end": 1552395178333,
    "duration": 1,
    "pid": 23252,
    "index": 48
  },
  {
    "name": "Before Start in node_modules/egg-watcher/lib/init.js:15:14",
    "start": 1552395178349,
    "end": 1552395178571,
    "duration": 222,
    "pid": 23252,
    "index": 49
  },
  {
    "name": "Load Service",
    "start": 1552395178399,
    "end": 1552395178407,
    "duration": 8,
    "pid": 23252,
    "index": 50
  },
  {
    "name": "Load \"service\" to Context",
    "start": 1552395178399,
    "end": 1552395178407,
    "duration": 8,
    "pid": 23252,
    "index": 51
  },
  {
    "name": "Load Middleware",
    "start": 1552395178408,
    "end": 1552395178530,
    "duration": 122,
    "pid": 23252,
    "index": 52
  },
  {
    "name": "Load \"middlewares\" to Application",
    "start": 1552395178408,
    "end": 1552395178526,
    "duration": 118,
    "pid": 23252,
    "index": 53
  },
  {
    "name": "Load Controller",
    "start": 1552395178530,
    "end": 1552395178542,
    "duration": 12,
    "pid": 23252,
    "index": 54
  },
  {
    "name": "Load \"controller\" to Application",
    "start": 1552395178530,
    "end": 1552395178542,
    "duration": 12,
    "pid": 23252,
    "index": 55
  },
  {
    "name": "Load Router",
    "start": 1552395178542,
    "end": 1552395178545,
    "duration": 3,
    "pid": 23252,
    "index": 56
  },
  {
    "name": "Require(40) app/router.js",
    "start": 1552395178542,
    "end": 1552395178543,
    "duration": 1,
    "pid": 23252,
    "index": 57
  },
  {
    "name": "Before Start in node_modules/egg-core/lib/egg.js:287:10",
    "start": 1552395178543,
    "end": 1552395178557,
    "duration": 14,
    "pid": 23252,
    "index": 58
  }
]