{
  "config": {
    "session": {
      "maxAge": 86400000,
      "key": "EGG_SESS",
      "httpOnly": true,
      "encrypt": true,
      "overwrite": true,
      "signed": true,
      "autoCommit": true,
      "encode": "<Function encode>",
      "decode": "<Function decode>",
      "genid": "<Function anonymous>"
    },
    "jsonp": {
      "limit": 50,
      "callback": [
        "_callback",
        "callback"
      ],
      "csrf": false
    },
    "onerror": {
      "errorPageUrl": "",
      "appErrorFilter": null,
      "templatePath": "D:\\WWW\\egg-reyboo\\egg-reyboo\\node_modules\\egg-onerror\\lib\\onerror_page.mustache"
    },
    "i18n": {
      "defaultLocale": "en_US",
      "dirs": [
        "D:\\WWW\\egg-reyboo\\egg-reyboo\\node_modules\\egg-session\\config\\locales",
        "D:\\WWW\\egg-reyboo\\egg-reyboo\\node_modules\\egg-jsonp\\config\\locales",
        "D:\\WWW\\egg-reyboo\\egg-reyboo\\node_modules\\egg-onerror\\config\\locales",
        "D:\\WWW\\egg-reyboo\\egg-reyboo\\node_modules\\egg-i18n\\config\\locales",
        "D:\\WWW\\egg-reyboo\\egg-reyboo\\node_modules\\egg-watcher\\config\\locales",
        "D:\\WWW\\egg-reyboo\\egg-reyboo\\node_modules\\egg-schedule\\config\\locales",
        "D:\\WWW\\egg-reyboo\\egg-reyboo\\node_modules\\egg-multipart\\config\\locales",
        "D:\\WWW\\egg-reyboo\\egg-reyboo\\node_modules\\egg-development\\config\\locales",
        "D:\\WWW\\egg-reyboo\\egg-reyboo\\node_modules\\egg-logrotator\\config\\locales",
        "D:\\WWW\\egg-reyboo\\egg-reyboo\\node_modules\\egg-static\\config\\locales",
        "D:\\WWW\\egg-reyboo\\egg-reyboo\\node_modules\\egg-view\\config\\locales",
        "D:\\WWW\\egg-reyboo\\egg-reyboo\\node_modules\\egg-cors\\config\\locales",
        "D:\\WWW\\egg-reyboo\\egg-reyboo\\node_modules\\egg\\config\\locales",
        "D:\\WWW\\egg-reyboo\\egg-reyboo\\config\\locales"
      ],
      "queryField": "locale",
      "cookieField": "locale",
      "cookieMaxAge": "1y",
      "functionName": "__"
    },
    "watcher": {
      "type": "development",
      "eventSources": {
        "default": "D:\\WWW\\egg-reyboo\\egg-reyboo\\node_modules\\egg-watcher\\lib\\event-sources\\default",
        "development": "D:\\WWW\\egg-reyboo\\egg-reyboo\\node_modules\\egg-watcher\\lib\\event-sources\\development"
      }
    },
    "customLogger": {
      "scheduleLogger": {
        "consoleLevel": "NONE",
        "file": "D:\\WWW\\egg-reyboo\\egg-reyboo\\logs\\reyboo\\egg-schedule.log"
      }
    },
    "multipart": {
      "mode": "stream",
      "autoFields": false,
      "defaultCharset": "utf8",
      "fieldNameSize": 100,
      "fieldSize": 102400,
      "fields": 10,
      "fileSize": 10485760,
      "files": 10,
      "fileExtensions": [],
      "whitelist": null,
      "tmpdir": "C:\\Users\\jilei\\AppData\\Local\\Temp\\egg-multipart-tmp\\reyboo",
      "cleanSchedule": {
        "cron": "0 30 4 * * *"
      }
    },
    "development": {
      "watchDirs": [],
      "ignoreDirs": [],
      "fastReady": false,
      "reloadOnDebug": true,
      "overrideDefault": false
    },
    "logrotator": {
      "filesRotateByHour": null,
      "hourDelimiter": "-",
      "filesRotateBySize": null,
      "maxFileSize": 52428800,
      "maxFiles": 10,
      "rotateDuration": 60000,
      "maxDays": 31
    },
    "static": {
      "prefix": "/public/",
      "dir": "D:\\WWW\\egg-reyboo\\egg-reyboo\\app\\public",
      "dynamic": true,
      "preload": false,
      "buffer": false,
      "maxFiles": 1000,
      "files": "<LRU>"
    },
    "view": {
      "root": "D:\\WWW\\egg-reyboo\\egg-reyboo\\app\\view",
      "cache": false,
      "defaultExtension": ".html",
      "defaultViewEngine": "",
      "mapping": {}
    },
    "cors": {
      "origin": "<Function corsOrigin>"
    },
    "env": "local",
    "name": "reyboo",
    "keys": "<String len: 25>",
    "proxy": false,
    "protocolHeaders": "x-forwarded-proto",
    "ipHeaders": "x-forwarded-for",
    "hostHeaders": "",
    "pkg": {
      "name": "reyboo",
      "version": "1.0.0",
      "description": "api-server",
      "private": true,
      "dependencies": {
        "egg": "^2.2.1",
        "egg-cors": "^2.1.2",
        "egg-scripts": "^2.5.0"
      },
      "devDependencies": {
        "autod": "^3.0.1",
        "autod-egg": "^1.0.0",
        "egg-bin": "^4.3.5",
        "egg-ci": "^1.8.0",
        "egg-mock": "^3.14.0",
        "eslint": "^4.11.0",
        "eslint-config-egg": "^6.0.0",
        "webstorm-disable-index": "^1.2.0"
      },
      "engines": {
        "node": ">=8.9.0"
      },
      "scripts": {
        "start": "egg-scripts start --daemon --title=egg-server-reyboo",
        "stop": "egg-scripts stop --title=egg-server-reyboo",
        "dev": "egg-bin dev",
        "debug": "egg-bin debug",
        "test": "npm run lint -- --fix && npm run test-local",
        "test-local": "egg-bin test",
        "cov": "egg-bin cov",
        "lint": "eslint .",
        "ci": "npm run lint && npm run cov",
        "autod": "autod"
      },
      "ci": {
        "version": "8"
      },
      "repository": {
        "type": "git",
        "url": ""
      },
      "author": "jilei",
      "license": "MIT"
    },
    "baseDir": "D:\\WWW\\egg-reyboo\\egg-reyboo",
    "HOME": "C:\\Users\\jilei",
    "rundir": "D:\\WWW\\egg-reyboo\\egg-reyboo\\run",
    "dump": {
      "ignore": "<Set>"
    },
    "confusedConfigurations": {
      "bodyparser": "bodyParser",
      "notFound": "notfound",
      "sitefile": "siteFile",
      "middlewares": "middleware",
      "httpClient": "httpclient"
    },
    "notfound": {
      "pageUrl": ""
    },
    "siteFile": {
      "/favicon.ico": "<Buffer len: 6463>"
    },
    "bodyParser": {
      "enable": true,
      "encoding": "utf8",
      "formLimit": "100kb",
      "jsonLimit": "100kb",
      "strict": true,
      "queryString": {
        "arrayLimit": 100,
        "depth": 5,
        "parameterLimit": 1000
      },
      "returnRawBody": true
    },
    "logger": {
      "dir": "D:\\WWW\\egg-reyboo\\egg-reyboo\\logs\\reyboo",
      "encoding": "utf8",
      "env": "local",
      "level": "INFO",
      "consoleLevel": "INFO",
      "disableConsoleAfterReady": false,
      "outputJSON": false,
      "buffer": true,
      "appLogName": "reyboo-web.log",
      "coreLogName": "egg-web.log",
      "agentLogName": "egg-agent.log",
      "errorLogName": "common-error.log",
      "coreLogger": {
        "consoleLevel": "WARN"
      },
      "allowDebugAtProd": false,
      "type": "application"
    },
    "httpclient": {
      "enableDNSCache": false,
      "dnsCacheLookupInterval": 10000,
      "dnsCacheMaxLength": 1000,
      "request": {
        "timeout": 5000
      },
      "httpAgent": {
        "keepAlive": true,
        "freeSocketTimeout": 4000,
        "maxSockets": 9007199254740991,
        "maxFreeSockets": 256
      },
      "httpsAgent": {
        "keepAlive": true,
        "freeSocketTimeout": 4000,
        "maxSockets": 9007199254740991,
        "maxFreeSockets": 256
      }
    },
    "meta": {
      "enable": true,
      "logging": false
    },
    "coreMiddleware": [
      "cors",
      "meta",
      "siteFile",
      "notfound",
      "static",
      "bodyParser",
      "overrideMethod",
      "session",
      "i18n",
      "eggLoaderTrace"
    ],
    "workerStartTimeout": 600000,
    "serverTimeout": null,
    "cluster": {
      "listen": {
        "path": "",
        "port": 7001,
        "hostname": "127.0.0.1"
      }
    },
    "clusterClient": {
      "maxWaitTime": 60000,
      "responseTimeout": 60000
    },
    "onClientError": null,
    "middleware": [],
    "yunpian": {
      "key": "f765d9bf2f34e742cc50b7dd66bdae80",
      "url": {
        "singleSend": "https://sms.yunpian.com/v2/sms/single_send.json",
        "tplSingleSend": "https://sms.yunpian.com/v2/sms/tpl_single_send.json"
      }
    },
    "coreMiddlewares": "~config~coreMiddleware",
    "appMiddlewares": "~config~middleware",
    "appMiddleware": "~config~middleware",
    "multipartParseOptions": {
      "autoFields": false,
      "defCharset": "utf8",
      "limits": {
        "fieldNameSize": 100,
        "fieldSize": 102400,
        "fields": 10,
        "fileSize": 10485760,
        "files": 10
      },
      "checkFile": "<Function checkFile>"
    }
  },
  "plugins": {
    "session": {
      "enable": true,
      "package": "egg-session",
      "name": "session",
      "dependencies": [],
      "optionalDependencies": [],
      "env": [],
      "from": "D:\\WWW\\egg-reyboo\\egg-reyboo\\node_modules\\egg\\config\\plugin.js",
      "path": "D:\\WWW\\egg-reyboo\\egg-reyboo\\node_modules\\egg-session",
      "version": "3.1.0"
    },
    "jsonp": {
      "enable": true,
      "package": "egg-jsonp",
      "name": "jsonp",
      "dependencies": [],
      "optionalDependencies": [
        "security"
      ],
      "env": [],
      "from": "D:\\WWW\\egg-reyboo\\egg-reyboo\\node_modules\\egg\\config\\plugin.js",
      "path": "D:\\WWW\\egg-reyboo\\egg-reyboo\\node_modules\\egg-jsonp",
      "version": "2.0.0"
    },
    "onerror": {
      "enable": true,
      "package": "egg-onerror",
      "name": "onerror",
      "dependencies": [],
      "optionalDependencies": [
        "jsonp"
      ],
      "env": [],
      "from": "D:\\WWW\\egg-reyboo\\egg-reyboo\\node_modules\\egg\\config\\plugin.js",
      "path": "D:\\WWW\\egg-reyboo\\egg-reyboo\\node_modules\\egg-onerror",
      "version": "2.1.0"
    },
    "i18n": {
      "enable": true,
      "package": "egg-i18n",
      "name": "i18n",
      "dependencies": [],
      "optionalDependencies": [],
      "env": [],
      "from": "D:\\WWW\\egg-reyboo\\egg-reyboo\\node_modules\\egg\\config\\plugin.js",
      "path": "D:\\WWW\\egg-reyboo\\egg-reyboo\\node_modules\\egg-i18n",
      "version": "2.0.0"
    },
    "watcher": {
      "enable": true,
      "package": "egg-watcher",
      "name": "watcher",
      "dependencies": [],
      "optionalDependencies": [],
      "env": [],
      "from": "D:\\WWW\\egg-reyboo\\egg-reyboo\\node_modules\\egg\\config\\plugin.js",
      "path": "D:\\WWW\\egg-reyboo\\egg-reyboo\\node_modules\\egg-watcher",
      "version": "3.1.0"
    },
    "schedule": {
      "enable": true,
      "package": "egg-schedule",
      "name": "schedule",
      "dependencies": [],
      "optionalDependencies": [],
      "env": [],
      "from": "D:\\WWW\\egg-reyboo\\egg-reyboo\\node_modules\\egg\\config\\plugin.js",
      "path": "D:\\WWW\\egg-reyboo\\egg-reyboo\\node_modules\\egg-schedule",
      "version": "3.4.0"
    },
    "multipart": {
      "enable": true,
      "package": "egg-multipart",
      "name": "multipart",
      "dependencies": [],
      "optionalDependencies": [
        "schedule"
      ],
      "env": [],
      "from": "D:\\WWW\\egg-reyboo\\egg-reyboo\\node_modules\\egg\\config\\plugin.js",
      "path": "D:\\WWW\\egg-reyboo\\egg-reyboo\\node_modules\\egg-multipart",
      "version": "2.3.0"
    },
    "development": {
      "enable": true,
      "package": "egg-development",
      "name": "development",
      "dependencies": [
        "watcher"
      ],
      "optionalDependencies": [],
      "env": [
        "local"
      ],
      "from": "D:\\WWW\\egg-reyboo\\egg-reyboo\\node_modules\\egg\\config\\plugin.js",
      "path": "D:\\WWW\\egg-reyboo\\egg-reyboo\\node_modules\\egg-development",
      "version": "2.4.1"
    },
    "logrotator": {
      "enable": true,
      "package": "egg-logrotator",
      "name": "logrotator",
      "dependencies": [
        "schedule"
      ],
      "optionalDependencies": [],
      "env": [],
      "from": "D:\\WWW\\egg-reyboo\\egg-reyboo\\node_modules\\egg\\config\\plugin.js",
      "path": "D:\\WWW\\egg-reyboo\\egg-reyboo\\node_modules\\egg-logrotator",
      "version": "3.0.4"
    },
    "static": {
      "enable": true,
      "package": "egg-static",
      "name": "static",
      "dependencies": [],
      "optionalDependencies": [],
      "env": [],
      "from": "D:\\WWW\\egg-reyboo\\egg-reyboo\\node_modules\\egg\\config\\plugin.js",
      "path": "D:\\WWW\\egg-reyboo\\egg-reyboo\\node_modules\\egg-static",
      "version": "2.1.1"
    },
    "view": {
      "enable": true,
      "package": "egg-view",
      "name": "view",
      "dependencies": [],
      "optionalDependencies": [],
      "env": [],
      "from": "D:\\WWW\\egg-reyboo\\egg-reyboo\\node_modules\\egg\\config\\plugin.js",
      "path": "D:\\WWW\\egg-reyboo\\egg-reyboo\\node_modules\\egg-view",
      "version": "2.1.0"
    },
    "cors": {
      "enable": true,
      "package": "egg-cors",
      "name": "cors",
      "dependencies": [],
      "optionalDependencies": [],
      "env": [],
      "from": "D:\\WWW\\egg-reyboo\\egg-reyboo\\config\\plugin.js",
      "path": "D:\\WWW\\egg-reyboo\\egg-reyboo\\node_modules\\egg-cors",
      "version": "2.1.2"
    }
  }
}