[
  {
    "name": "Application Start",
    "start": 1552393010766,
    "end": 1552393011204,
    "duration": 438,
    "pid": 15428,
    "index": 0
  },
  {
    "name": "Load Plugin",
    "start": 1552393010772,
    "end": 1552393010797,
    "duration": 25,
    "pid": 15428,
    "index": 1
  },
  {
    "name": "Load Config",
    "start": 1552393010798,
    "end": 1552393010823,
    "duration": 25,
    "pid": 15428,
    "index": 2
  },
  {
    "name": "Require(0) config/config.default.js",
    "start": 1552393010799,
    "end": 1552393010800,
    "duration": 1,
    "pid": 15428,
    "index": 3
  },
  {
    "name": "Require(1) node_modules/egg-session/config/config.default.js",
    "start": 1552393010801,
    "end": 1552393010802,
    "duration": 1,
    "pid": 15428,
    "index": 4
  },
  {
    "name": "Require(2) node_modules/egg-jsonp/config/config.default.js",
    "start": 1552393010803,
    "end": 1552393010803,
    "duration": 0,
    "pid": 15428,
    "index": 5
  },
  {
    "name": "Require(3) node_modules/egg-onerror/config/config.default.js",
    "start": 1552393010804,
    "end": 1552393010804,
    "duration": 0,
    "pid": 15428,
    "index": 6
  },
  {
    "name": "Require(4) node_modules/egg-i18n/config/config.default.js",
    "start": 1552393010805,
    "end": 1552393010805,
    "duration": 0,
    "pid": 15428,
    "index": 7
  },
  {
    "name": "Require(5) node_modules/egg-watcher/config/config.default.js",
    "start": 1552393010806,
    "end": 1552393010807,
    "duration": 1,
    "pid": 15428,
    "index": 8
  },
  {
    "name": "Require(6) node_modules/egg-schedule/config/config.default.js",
    "start": 1552393010807,
    "end": 1552393010808,
    "duration": 1,
    "pid": 15428,
    "index": 9
  },
  {
    "name": "Require(7) node_modules/egg-multipart/config/config.default.js",
    "start": 1552393010809,
    "end": 1552393010809,
    "duration": 0,
    "pid": 15428,
    "index": 10
  },
  {
    "name": "Require(8) node_modules/egg-development/config/config.default.js",
    "start": 1552393010810,
    "end": 1552393010810,
    "duration": 0,
    "pid": 15428,
    "index": 11
  },
  {
    "name": "Require(9) node_modules/egg-logrotator/config/config.default.js",
    "start": 1552393010811,
    "end": 1552393010812,
    "duration": 1,
    "pid": 15428,
    "index": 12
  },
  {
    "name": "Require(10) node_modules/egg-static/config/config.default.js",
    "start": 1552393010812,
    "end": 1552393010813,
    "duration": 1,
    "pid": 15428,
    "index": 13
  },
  {
    "name": "Require(11) node_modules/egg-view/config/config.default.js",
    "start": 1552393010813,
    "end": 1552393010814,
    "duration": 1,
    "pid": 15428,
    "index": 14
  },
  {
    "name": "Require(12) node_modules/egg-cors/config/config.default.js",
    "start": 1552393010814,
    "end": 1552393010815,
    "duration": 1,
    "pid": 15428,
    "index": 15
  },
  {
    "name": "Require(13) node_modules/egg/config/config.default.js",
    "start": 1552393010815,
    "end": 1552393010816,
    "duration": 1,
    "pid": 15428,
    "index": 16
  },
  {
    "name": "Require(14) config/config.default.js",
    "start": 1552393010818,
    "end": 1552393010818,
    "duration": 0,
    "pid": 15428,
    "index": 17
  },
  {
    "name": "Require(15) node_modules/egg-watcher/config/config.local.js",
    "start": 1552393010819,
    "end": 1552393010820,
    "duration": 1,
    "pid": 15428,
    "index": 18
  },
  {
    "name": "Require(16) node_modules/egg-view/config/config.local.js",
    "start": 1552393010821,
    "end": 1552393010822,
    "duration": 1,
    "pid": 15428,
    "index": 19
  },
  {
    "name": "Require(17) node_modules/egg/config/config.local.js",
    "start": 1552393010822,
    "end": 1552393010823,
    "duration": 1,
    "pid": 15428,
    "index": 20
  },
  {
    "name": "Load extend/application.js",
    "start": 1552393010824,
    "end": 1552393010835,
    "duration": 11,
    "pid": 15428,
    "index": 21
  },
  {
    "name": "Require(18) node_modules/egg-session/app/extend/application.js",
    "start": 1552393010825,
    "end": 1552393010826,
    "duration": 1,
    "pid": 15428,
    "index": 22
  },
  {
    "name": "Require(19) node_modules/egg-jsonp/app/extend/application.js",
    "start": 1552393010826,
    "end": 1552393010828,
    "duration": 2,
    "pid": 15428,
    "index": 23
  },
  {
    "name": "Require(20) node_modules/egg-logrotator/app/extend/application.js",
    "start": 1552393010829,
    "end": 1552393010831,
    "duration": 2,
    "pid": 15428,
    "index": 24
  },
  {
    "name": "Require(21) node_modules/egg-view/app/extend/application.js",
    "start": 1552393010831,
    "end": 1552393010833,
    "duration": 2,
    "pid": 15428,
    "index": 25
  },
  {
    "name": "Load extend/request.js",
    "start": 1552393010835,
    "end": 1552393010841,
    "duration": 6,
    "pid": 15428,
    "index": 26
  },
  {
    "name": "Require(22) node_modules/egg/app/extend/request.js",
    "start": 1552393010837,
    "end": 1552393010839,
    "duration": 2,
    "pid": 15428,
    "index": 27
  },
  {
    "name": "Load extend/response.js",
    "start": 1552393010841,
    "end": 1552393010846,
    "duration": 5,
    "pid": 15428,
    "index": 28
  },
  {
    "name": "Require(23) node_modules/egg/app/extend/response.js",
    "start": 1552393010843,
    "end": 1552393010844,
    "duration": 1,
    "pid": 15428,
    "index": 29
  },
  {
    "name": "Load extend/context.js",
    "start": 1552393010846,
    "end": 1552393010917,
    "duration": 71,
    "pid": 15428,
    "index": 30
  },
  {
    "name": "Require(24) node_modules/egg-jsonp/app/extend/context.js",
    "start": 1552393010847,
    "end": 1552393010849,
    "duration": 2,
    "pid": 15428,
    "index": 31
  },
  {
    "name": "Require(25) node_modules/egg-i18n/app/extend/context.js",
    "start": 1552393010849,
    "end": 1552393010851,
    "duration": 2,
    "pid": 15428,
    "index": 32
  },
  {
    "name": "Require(26) node_modules/egg-multipart/app/extend/context.js",
    "start": 1552393010852,
    "end": 1552393010909,
    "duration": 57,
    "pid": 15428,
    "index": 33
  },
  {
    "name": "Require(27) node_modules/egg-view/app/extend/context.js",
    "start": 1552393010909,
    "end": 1552393010911,
    "duration": 2,
    "pid": 15428,
    "index": 34
  },
  {
    "name": "Require(28) node_modules/egg/app/extend/context.js",
    "start": 1552393010912,
    "end": 1552393010914,
    "duration": 2,
    "pid": 15428,
    "index": 35
  },
  {
    "name": "Load extend/helper.js",
    "start": 1552393010917,
    "end": 1552393010921,
    "duration": 4,
    "pid": 15428,
    "index": 36
  },
  {
    "name": "Require(29) node_modules/egg/app/extend/helper.js",
    "start": 1552393010919,
    "end": 1552393010920,
    "duration": 1,
    "pid": 15428,
    "index": 37
  },
  {
    "name": "Load app.js",
    "start": 1552393010922,
    "end": 1552393010977,
    "duration": 55,
    "pid": 15428,
    "index": 38
  },
  {
    "name": "Require(30) node_modules/egg-session/app.js",
    "start": 1552393010922,
    "end": 1552393010922,
    "duration": 0,
    "pid": 15428,
    "index": 39
  },
  {
    "name": "Require(31) node_modules/egg-onerror/app.js",
    "start": 1552393010923,
    "end": 1552393010937,
    "duration": 14,
    "pid": 15428,
    "index": 40
  },
  {
    "name": "Require(32) node_modules/egg-i18n/app.js",
    "start": 1552393010938,
    "end": 1552393010961,
    "duration": 23,
    "pid": 15428,
    "index": 41
  },
  {
    "name": "Require(33) node_modules/egg-watcher/app.js",
    "start": 1552393010962,
    "end": 1552393010967,
    "duration": 5,
    "pid": 15428,
    "index": 42
  },
  {
    "name": "Require(34) node_modules/egg-schedule/app.js",
    "start": 1552393010967,
    "end": 1552393010969,
    "duration": 2,
    "pid": 15428,
    "index": 43
  },
  {
    "name": "Require(35) node_modules/egg-multipart/app.js",
    "start": 1552393010969,
    "end": 1552393010973,
    "duration": 4,
    "pid": 15428,
    "index": 44
  },
  {
    "name": "Require(36) node_modules/egg-development/app.js",
    "start": 1552393010973,
    "end": 1552393010974,
    "duration": 1,
    "pid": 15428,
    "index": 45
  },
  {
    "name": "Require(37) node_modules/egg-logrotator/app.js",
    "start": 1552393010974,
    "end": 1552393010975,
    "duration": 1,
    "pid": 15428,
    "index": 46
  },
  {
    "name": "Require(38) node_modules/egg-static/app.js",
    "start": 1552393010975,
    "end": 1552393010975,
    "duration": 0,
    "pid": 15428,
    "index": 47
  },
  {
    "name": "Require(39) node_modules/egg-cors/app.js",
    "start": 1552393010976,
    "end": 1552393010976,
    "duration": 0,
    "pid": 15428,
    "index": 48
  },
  {
    "name": "Before Start in node_modules/egg-watcher/lib/init.js:15:14",
    "start": 1552393010992,
    "end": 1552393011201,
    "duration": 209,
    "pid": 15428,
    "index": 49
  },
  {
    "name": "Load Service",
    "start": 1552393011042,
    "end": 1552393011050,
    "duration": 8,
    "pid": 15428,
    "index": 50
  },
  {
    "name": "Load \"service\" to Context",
    "start": 1552393011042,
    "end": 1552393011050,
    "duration": 8,
    "pid": 15428,
    "index": 51
  },
  {
    "name": "Load Middleware",
    "start": 1552393011050,
    "end": 1552393011165,
    "duration": 115,
    "pid": 15428,
    "index": 52
  },
  {
    "name": "Load \"middlewares\" to Application",
    "start": 1552393011050,
    "end": 1552393011161,
    "duration": 111,
    "pid": 15428,
    "index": 53
  },
  {
    "name": "Load Controller",
    "start": 1552393011165,
    "end": 1552393011173,
    "duration": 8,
    "pid": 15428,
    "index": 54
  },
  {
    "name": "Load \"controller\" to Application",
    "start": 1552393011165,
    "end": 1552393011173,
    "duration": 8,
    "pid": 15428,
    "index": 55
  },
  {
    "name": "Load Router",
    "start": 1552393011173,
    "end": 1552393011180,
    "duration": 7,
    "pid": 15428,
    "index": 56
  },
  {
    "name": "Require(40) app/router.js",
    "start": 1552393011176,
    "end": 1552393011176,
    "duration": 0,
    "pid": 15428,
    "index": 57
  },
  {
    "name": "Before Start in node_modules/egg-core/lib/egg.js:287:10",
    "start": 1552393011177,
    "end": 1552393011190,
    "duration": 13,
    "pid": 15428,
    "index": 58
  }
]