[
  {
    "name": "Application Start",
    "start": 1552393162951,
    "end": 1552393163422,
    "duration": 471,
    "pid": 19756,
    "index": 0
  },
  {
    "name": "Load Plugin",
    "start": 1552393162958,
    "end": 1552393162976,
    "duration": 18,
    "pid": 19756,
    "index": 1
  },
  {
    "name": "Load Config",
    "start": 1552393162977,
    "end": 1552393162998,
    "duration": 21,
    "pid": 19756,
    "index": 2
  },
  {
    "name": "Require(0) config/config.default.js",
    "start": 1552393162977,
    "end": 1552393162978,
    "duration": 1,
    "pid": 19756,
    "index": 3
  },
  {
    "name": "Require(1) node_modules/egg-session/config/config.default.js",
    "start": 1552393162980,
    "end": 1552393162980,
    "duration": 0,
    "pid": 19756,
    "index": 4
  },
  {
    "name": "Require(2) node_modules/egg-jsonp/config/config.default.js",
    "start": 1552393162981,
    "end": 1552393162981,
    "duration": 0,
    "pid": 19756,
    "index": 5
  },
  {
    "name": "Require(3) node_modules/egg-onerror/config/config.default.js",
    "start": 1552393162982,
    "end": 1552393162982,
    "duration": 0,
    "pid": 19756,
    "index": 6
  },
  {
    "name": "Require(4) node_modules/egg-i18n/config/config.default.js",
    "start": 1552393162983,
    "end": 1552393162983,
    "duration": 0,
    "pid": 19756,
    "index": 7
  },
  {
    "name": "Require(5) node_modules/egg-watcher/config/config.default.js",
    "start": 1552393162984,
    "end": 1552393162984,
    "duration": 0,
    "pid": 19756,
    "index": 8
  },
  {
    "name": "Require(6) node_modules/egg-schedule/config/config.default.js",
    "start": 1552393162984,
    "end": 1552393162985,
    "duration": 1,
    "pid": 19756,
    "index": 9
  },
  {
    "name": "Require(7) node_modules/egg-multipart/config/config.default.js",
    "start": 1552393162986,
    "end": 1552393162986,
    "duration": 0,
    "pid": 19756,
    "index": 10
  },
  {
    "name": "Require(8) node_modules/egg-development/config/config.default.js",
    "start": 1552393162987,
    "end": 1552393162987,
    "duration": 0,
    "pid": 19756,
    "index": 11
  },
  {
    "name": "Require(9) node_modules/egg-logrotator/config/config.default.js",
    "start": 1552393162988,
    "end": 1552393162988,
    "duration": 0,
    "pid": 19756,
    "index": 12
  },
  {
    "name": "Require(10) node_modules/egg-static/config/config.default.js",
    "start": 1552393162989,
    "end": 1552393162989,
    "duration": 0,
    "pid": 19756,
    "index": 13
  },
  {
    "name": "Require(11) node_modules/egg-view/config/config.default.js",
    "start": 1552393162990,
    "end": 1552393162990,
    "duration": 0,
    "pid": 19756,
    "index": 14
  },
  {
    "name": "Require(12) node_modules/egg-cors/config/config.default.js",
    "start": 1552393162991,
    "end": 1552393162991,
    "duration": 0,
    "pid": 19756,
    "index": 15
  },
  {
    "name": "Require(13) node_modules/egg/config/config.default.js",
    "start": 1552393162991,
    "end": 1552393162992,
    "duration": 1,
    "pid": 19756,
    "index": 16
  },
  {
    "name": "Require(14) config/config.default.js",
    "start": 1552393162994,
    "end": 1552393162994,
    "duration": 0,
    "pid": 19756,
    "index": 17
  },
  {
    "name": "Require(15) node_modules/egg-watcher/config/config.local.js",
    "start": 1552393162995,
    "end": 1552393162995,
    "duration": 0,
    "pid": 19756,
    "index": 18
  },
  {
    "name": "Require(16) node_modules/egg-view/config/config.local.js",
    "start": 1552393162996,
    "end": 1552393162997,
    "duration": 1,
    "pid": 19756,
    "index": 19
  },
  {
    "name": "Require(17) node_modules/egg/config/config.local.js",
    "start": 1552393162997,
    "end": 1552393162998,
    "duration": 1,
    "pid": 19756,
    "index": 20
  },
  {
    "name": "Load extend/application.js",
    "start": 1552393163000,
    "end": 1552393163012,
    "duration": 12,
    "pid": 19756,
    "index": 21
  },
  {
    "name": "Require(18) node_modules/egg-session/app/extend/application.js",
    "start": 1552393163001,
    "end": 1552393163001,
    "duration": 0,
    "pid": 19756,
    "index": 22
  },
  {
    "name": "Require(19) node_modules/egg-jsonp/app/extend/application.js",
    "start": 1552393163002,
    "end": 1552393163004,
    "duration": 2,
    "pid": 19756,
    "index": 23
  },
  {
    "name": "Require(20) node_modules/egg-logrotator/app/extend/application.js",
    "start": 1552393163006,
    "end": 1552393163008,
    "duration": 2,
    "pid": 19756,
    "index": 24
  },
  {
    "name": "Require(21) node_modules/egg-view/app/extend/application.js",
    "start": 1552393163008,
    "end": 1552393163009,
    "duration": 1,
    "pid": 19756,
    "index": 25
  },
  {
    "name": "Load extend/request.js",
    "start": 1552393163012,
    "end": 1552393163018,
    "duration": 6,
    "pid": 19756,
    "index": 26
  },
  {
    "name": "Require(22) node_modules/egg/app/extend/request.js",
    "start": 1552393163014,
    "end": 1552393163015,
    "duration": 1,
    "pid": 19756,
    "index": 27
  },
  {
    "name": "Load extend/response.js",
    "start": 1552393163018,
    "end": 1552393163023,
    "duration": 5,
    "pid": 19756,
    "index": 28
  },
  {
    "name": "Require(23) node_modules/egg/app/extend/response.js",
    "start": 1552393163019,
    "end": 1552393163022,
    "duration": 3,
    "pid": 19756,
    "index": 29
  },
  {
    "name": "Load extend/context.js",
    "start": 1552393163023,
    "end": 1552393163094,
    "duration": 71,
    "pid": 19756,
    "index": 30
  },
  {
    "name": "Require(24) node_modules/egg-jsonp/app/extend/context.js",
    "start": 1552393163023,
    "end": 1552393163026,
    "duration": 3,
    "pid": 19756,
    "index": 31
  },
  {
    "name": "Require(25) node_modules/egg-i18n/app/extend/context.js",
    "start": 1552393163027,
    "end": 1552393163028,
    "duration": 1,
    "pid": 19756,
    "index": 32
  },
  {
    "name": "Require(26) node_modules/egg-multipart/app/extend/context.js",
    "start": 1552393163028,
    "end": 1552393163086,
    "duration": 58,
    "pid": 19756,
    "index": 33
  },
  {
    "name": "Require(27) node_modules/egg-view/app/extend/context.js",
    "start": 1552393163087,
    "end": 1552393163089,
    "duration": 2,
    "pid": 19756,
    "index": 34
  },
  {
    "name": "Require(28) node_modules/egg/app/extend/context.js",
    "start": 1552393163089,
    "end": 1552393163091,
    "duration": 2,
    "pid": 19756,
    "index": 35
  },
  {
    "name": "Load extend/helper.js",
    "start": 1552393163094,
    "end": 1552393163098,
    "duration": 4,
    "pid": 19756,
    "index": 36
  },
  {
    "name": "Require(29) node_modules/egg/app/extend/helper.js",
    "start": 1552393163095,
    "end": 1552393163096,
    "duration": 1,
    "pid": 19756,
    "index": 37
  },
  {
    "name": "Load app.js",
    "start": 1552393163098,
    "end": 1552393163160,
    "duration": 62,
    "pid": 19756,
    "index": 38
  },
  {
    "name": "Require(30) node_modules/egg-session/app.js",
    "start": 1552393163099,
    "end": 1552393163100,
    "duration": 1,
    "pid": 19756,
    "index": 39
  },
  {
    "name": "Require(31) node_modules/egg-onerror/app.js",
    "start": 1552393163100,
    "end": 1552393163117,
    "duration": 17,
    "pid": 19756,
    "index": 40
  },
  {
    "name": "Require(32) node_modules/egg-i18n/app.js",
    "start": 1552393163118,
    "end": 1552393163144,
    "duration": 26,
    "pid": 19756,
    "index": 41
  },
  {
    "name": "Require(33) node_modules/egg-watcher/app.js",
    "start": 1552393163144,
    "end": 1552393163150,
    "duration": 6,
    "pid": 19756,
    "index": 42
  },
  {
    "name": "Require(34) node_modules/egg-schedule/app.js",
    "start": 1552393163150,
    "end": 1552393163152,
    "duration": 2,
    "pid": 19756,
    "index": 43
  },
  {
    "name": "Require(35) node_modules/egg-multipart/app.js",
    "start": 1552393163152,
    "end": 1552393163155,
    "duration": 3,
    "pid": 19756,
    "index": 44
  },
  {
    "name": "Require(36) node_modules/egg-development/app.js",
    "start": 1552393163157,
    "end": 1552393163157,
    "duration": 0,
    "pid": 19756,
    "index": 45
  },
  {
    "name": "Require(37) node_modules/egg-logrotator/app.js",
    "start": 1552393163158,
    "end": 1552393163158,
    "duration": 0,
    "pid": 19756,
    "index": 46
  },
  {
    "name": "Require(38) node_modules/egg-static/app.js",
    "start": 1552393163158,
    "end": 1552393163159,
    "duration": 1,
    "pid": 19756,
    "index": 47
  },
  {
    "name": "Require(39) node_modules/egg-cors/app.js",
    "start": 1552393163159,
    "end": 1552393163159,
    "duration": 0,
    "pid": 19756,
    "index": 48
  },
  {
    "name": "Before Start in node_modules/egg-watcher/lib/init.js:15:14",
    "start": 1552393163182,
    "end": 1552393163421,
    "duration": 239,
    "pid": 19756,
    "index": 49
  },
  {
    "name": "Load Service",
    "start": 1552393163247,
    "end": 1552393163256,
    "duration": 9,
    "pid": 19756,
    "index": 50
  },
  {
    "name": "Load \"service\" to Context",
    "start": 1552393163247,
    "end": 1552393163256,
    "duration": 9,
    "pid": 19756,
    "index": 51
  },
  {
    "name": "Load Middleware",
    "start": 1552393163257,
    "end": 1552393163382,
    "duration": 125,
    "pid": 19756,
    "index": 52
  },
  {
    "name": "Load \"middlewares\" to Application",
    "start": 1552393163257,
    "end": 1552393163378,
    "duration": 121,
    "pid": 19756,
    "index": 53
  },
  {
    "name": "Load Controller",
    "start": 1552393163382,
    "end": 1552393163393,
    "duration": 11,
    "pid": 19756,
    "index": 54
  },
  {
    "name": "Load \"controller\" to Application",
    "start": 1552393163382,
    "end": 1552393163393,
    "duration": 11,
    "pid": 19756,
    "index": 55
  },
  {
    "name": "Load Router",
    "start": 1552393163393,
    "end": 1552393163397,
    "duration": 4,
    "pid": 19756,
    "index": 56
  },
  {
    "name": "Require(40) app/router.js",
    "start": 1552393163393,
    "end": 1552393163394,
    "duration": 1,
    "pid": 19756,
    "index": 57
  },
  {
    "name": "Before Start in node_modules/egg-core/lib/egg.js:287:10",
    "start": 1552393163394,
    "end": 1552393163410,
    "duration": 16,
    "pid": 19756,
    "index": 58
  }
]