[
  {
    "name": "Application Start",
    "start": 1552393402427,
    "end": 1552393403092,
    "duration": 665,
    "pid": 22532,
    "index": 0
  },
  {
    "name": "Load Plugin",
    "start": 1552393402434,
    "end": 1552393402471,
    "duration": 37,
    "pid": 22532,
    "index": 1
  },
  {
    "name": "Load Config",
    "start": 1552393402471,
    "end": 1552393402527,
    "duration": 56,
    "pid": 22532,
    "index": 2
  },
  {
    "name": "Require(0) config/config.default.js",
    "start": 1552393402472,
    "end": 1552393402473,
    "duration": 1,
    "pid": 22532,
    "index": 3
  },
  {
    "name": "Require(1) node_modules/egg-session/config/config.default.js",
    "start": 1552393402474,
    "end": 1552393402475,
    "duration": 1,
    "pid": 22532,
    "index": 4
  },
  {
    "name": "Require(2) node_modules/egg-jsonp/config/config.default.js",
    "start": 1552393402476,
    "end": 1552393402476,
    "duration": 0,
    "pid": 22532,
    "index": 5
  },
  {
    "name": "Require(3) node_modules/egg-onerror/config/config.default.js",
    "start": 1552393402477,
    "end": 1552393402477,
    "duration": 0,
    "pid": 22532,
    "index": 6
  },
  {
    "name": "Require(4) node_modules/egg-i18n/config/config.default.js",
    "start": 1552393402477,
    "end": 1552393402478,
    "duration": 1,
    "pid": 22532,
    "index": 7
  },
  {
    "name": "Require(5) node_modules/egg-watcher/config/config.default.js",
    "start": 1552393402479,
    "end": 1552393402479,
    "duration": 0,
    "pid": 22532,
    "index": 8
  },
  {
    "name": "Require(6) node_modules/egg-schedule/config/config.default.js",
    "start": 1552393402480,
    "end": 1552393402481,
    "duration": 1,
    "pid": 22532,
    "index": 9
  },
  {
    "name": "Require(7) node_modules/egg-multipart/config/config.default.js",
    "start": 1552393402482,
    "end": 1552393402484,
    "duration": 2,
    "pid": 22532,
    "index": 10
  },
  {
    "name": "Require(8) node_modules/egg-development/config/config.default.js",
    "start": 1552393402485,
    "end": 1552393402487,
    "duration": 2,
    "pid": 22532,
    "index": 11
  },
  {
    "name": "Require(9) node_modules/egg-logrotator/config/config.default.js",
    "start": 1552393402488,
    "end": 1552393402489,
    "duration": 1,
    "pid": 22532,
    "index": 12
  },
  {
    "name": "Require(10) node_modules/egg-static/config/config.default.js",
    "start": 1552393402489,
    "end": 1552393402490,
    "duration": 1,
    "pid": 22532,
    "index": 13
  },
  {
    "name": "Require(11) node_modules/egg-view/config/config.default.js",
    "start": 1552393402490,
    "end": 1552393402491,
    "duration": 1,
    "pid": 22532,
    "index": 14
  },
  {
    "name": "Require(12) node_modules/egg-cors/config/config.default.js",
    "start": 1552393402492,
    "end": 1552393402492,
    "duration": 0,
    "pid": 22532,
    "index": 15
  },
  {
    "name": "Require(13) node_modules/egg/config/config.default.js",
    "start": 1552393402492,
    "end": 1552393402493,
    "duration": 1,
    "pid": 22532,
    "index": 16
  },
  {
    "name": "Require(14) config/config.default.js",
    "start": 1552393402495,
    "end": 1552393402495,
    "duration": 0,
    "pid": 22532,
    "index": 17
  },
  {
    "name": "Require(15) node_modules/egg-watcher/config/config.local.js",
    "start": 1552393402497,
    "end": 1552393402511,
    "duration": 14,
    "pid": 22532,
    "index": 18
  },
  {
    "name": "Require(16) node_modules/egg-view/config/config.local.js",
    "start": 1552393402513,
    "end": 1552393402514,
    "duration": 1,
    "pid": 22532,
    "index": 19
  },
  {
    "name": "Require(17) node_modules/egg/config/config.local.js",
    "start": 1552393402514,
    "end": 1552393402527,
    "duration": 13,
    "pid": 22532,
    "index": 20
  },
  {
    "name": "Load extend/application.js",
    "start": 1552393402529,
    "end": 1552393402543,
    "duration": 14,
    "pid": 22532,
    "index": 21
  },
  {
    "name": "Require(18) node_modules/egg-session/app/extend/application.js",
    "start": 1552393402530,
    "end": 1552393402531,
    "duration": 1,
    "pid": 22532,
    "index": 22
  },
  {
    "name": "Require(19) node_modules/egg-jsonp/app/extend/application.js",
    "start": 1552393402532,
    "end": 1552393402535,
    "duration": 3,
    "pid": 22532,
    "index": 23
  },
  {
    "name": "Require(20) node_modules/egg-logrotator/app/extend/application.js",
    "start": 1552393402536,
    "end": 1552393402539,
    "duration": 3,
    "pid": 22532,
    "index": 24
  },
  {
    "name": "Require(21) node_modules/egg-view/app/extend/application.js",
    "start": 1552393402539,
    "end": 1552393402541,
    "duration": 2,
    "pid": 22532,
    "index": 25
  },
  {
    "name": "Load extend/request.js",
    "start": 1552393402544,
    "end": 1552393402550,
    "duration": 6,
    "pid": 22532,
    "index": 26
  },
  {
    "name": "Require(22) node_modules/egg/app/extend/request.js",
    "start": 1552393402545,
    "end": 1552393402548,
    "duration": 3,
    "pid": 22532,
    "index": 27
  },
  {
    "name": "Load extend/response.js",
    "start": 1552393402550,
    "end": 1552393402556,
    "duration": 6,
    "pid": 22532,
    "index": 28
  },
  {
    "name": "Require(23) node_modules/egg/app/extend/response.js",
    "start": 1552393402552,
    "end": 1552393402554,
    "duration": 2,
    "pid": 22532,
    "index": 29
  },
  {
    "name": "Load extend/context.js",
    "start": 1552393402556,
    "end": 1552393402651,
    "duration": 95,
    "pid": 22532,
    "index": 30
  },
  {
    "name": "Require(24) node_modules/egg-jsonp/app/extend/context.js",
    "start": 1552393402556,
    "end": 1552393402572,
    "duration": 16,
    "pid": 22532,
    "index": 31
  },
  {
    "name": "Require(25) node_modules/egg-i18n/app/extend/context.js",
    "start": 1552393402572,
    "end": 1552393402575,
    "duration": 3,
    "pid": 22532,
    "index": 32
  },
  {
    "name": "Require(26) node_modules/egg-multipart/app/extend/context.js",
    "start": 1552393402576,
    "end": 1552393402644,
    "duration": 68,
    "pid": 22532,
    "index": 33
  },
  {
    "name": "Require(27) node_modules/egg-view/app/extend/context.js",
    "start": 1552393402644,
    "end": 1552393402646,
    "duration": 2,
    "pid": 22532,
    "index": 34
  },
  {
    "name": "Require(28) node_modules/egg/app/extend/context.js",
    "start": 1552393402647,
    "end": 1552393402650,
    "duration": 3,
    "pid": 22532,
    "index": 35
  },
  {
    "name": "Load extend/helper.js",
    "start": 1552393402652,
    "end": 1552393402656,
    "duration": 4,
    "pid": 22532,
    "index": 36
  },
  {
    "name": "Require(29) node_modules/egg/app/extend/helper.js",
    "start": 1552393402653,
    "end": 1552393402654,
    "duration": 1,
    "pid": 22532,
    "index": 37
  },
  {
    "name": "Load app.js",
    "start": 1552393402656,
    "end": 1552393402759,
    "duration": 103,
    "pid": 22532,
    "index": 38
  },
  {
    "name": "Require(30) node_modules/egg-session/app.js",
    "start": 1552393402657,
    "end": 1552393402666,
    "duration": 9,
    "pid": 22532,
    "index": 39
  },
  {
    "name": "Require(31) node_modules/egg-onerror/app.js",
    "start": 1552393402666,
    "end": 1552393402680,
    "duration": 14,
    "pid": 22532,
    "index": 40
  },
  {
    "name": "Require(32) node_modules/egg-i18n/app.js",
    "start": 1552393402681,
    "end": 1552393402726,
    "duration": 45,
    "pid": 22532,
    "index": 41
  },
  {
    "name": "Require(33) node_modules/egg-watcher/app.js",
    "start": 1552393402726,
    "end": 1552393402732,
    "duration": 6,
    "pid": 22532,
    "index": 42
  },
  {
    "name": "Require(34) node_modules/egg-schedule/app.js",
    "start": 1552393402733,
    "end": 1552393402735,
    "duration": 2,
    "pid": 22532,
    "index": 43
  },
  {
    "name": "Require(35) node_modules/egg-multipart/app.js",
    "start": 1552393402735,
    "end": 1552393402754,
    "duration": 19,
    "pid": 22532,
    "index": 44
  },
  {
    "name": "Require(36) node_modules/egg-development/app.js",
    "start": 1552393402754,
    "end": 1552393402755,
    "duration": 1,
    "pid": 22532,
    "index": 45
  },
  {
    "name": "Require(37) node_modules/egg-logrotator/app.js",
    "start": 1552393402755,
    "end": 1552393402756,
    "duration": 1,
    "pid": 22532,
    "index": 46
  },
  {
    "name": "Require(38) node_modules/egg-static/app.js",
    "start": 1552393402756,
    "end": 1552393402757,
    "duration": 1,
    "pid": 22532,
    "index": 47
  },
  {
    "name": "Require(39) node_modules/egg-cors/app.js",
    "start": 1552393402757,
    "end": 1552393402758,
    "duration": 1,
    "pid": 22532,
    "index": 48
  },
  {
    "name": "Before Start in node_modules/egg-watcher/lib/init.js:15:14",
    "start": 1552393402774,
    "end": 1552393403091,
    "duration": 317,
    "pid": 22532,
    "index": 49
  },
  {
    "name": "Load Service",
    "start": 1552393402826,
    "end": 1552393402839,
    "duration": 13,
    "pid": 22532,
    "index": 50
  },
  {
    "name": "Load \"service\" to Context",
    "start": 1552393402826,
    "end": 1552393402839,
    "duration": 13,
    "pid": 22532,
    "index": 51
  },
  {
    "name": "Load Middleware",
    "start": 1552393402840,
    "end": 1552393403057,
    "duration": 217,
    "pid": 22532,
    "index": 52
  },
  {
    "name": "Load \"middlewares\" to Application",
    "start": 1552393402840,
    "end": 1552393403053,
    "duration": 213,
    "pid": 22532,
    "index": 53
  },
  {
    "name": "Load Controller",
    "start": 1552393403057,
    "end": 1552393403067,
    "duration": 10,
    "pid": 22532,
    "index": 54
  },
  {
    "name": "Load \"controller\" to Application",
    "start": 1552393403057,
    "end": 1552393403067,
    "duration": 10,
    "pid": 22532,
    "index": 55
  },
  {
    "name": "Load Router",
    "start": 1552393403067,
    "end": 1552393403070,
    "duration": 3,
    "pid": 22532,
    "index": 56
  },
  {
    "name": "Require(40) app/router.js",
    "start": 1552393403067,
    "end": 1552393403067,
    "duration": 0,
    "pid": 22532,
    "index": 57
  },
  {
    "name": "Before Start in node_modules/egg-core/lib/egg.js:287:10",
    "start": 1552393403068,
    "end": 1552393403080,
    "duration": 12,
    "pid": 22532,
    "index": 58
  }
]