[
  {
    "name": "Application Start",
    "start": 1552392453548,
    "end": 1552392453998,
    "duration": 450,
    "pid": 16876,
    "index": 0
  },
  {
    "name": "Load Plugin",
    "start": 1552392453557,
    "end": 1552392453583,
    "duration": 26,
    "pid": 16876,
    "index": 1
  },
  {
    "name": "Load Config",
    "start": 1552392453583,
    "end": 1552392453615,
    "duration": 32,
    "pid": 16876,
    "index": 2
  },
  {
    "name": "Require(0) config/config.default.js",
    "start": 1552392453584,
    "end": 1552392453585,
    "duration": 1,
    "pid": 16876,
    "index": 3
  },
  {
    "name": "Require(1) node_modules/egg-session/config/config.default.js",
    "start": 1552392453587,
    "end": 1552392453588,
    "duration": 1,
    "pid": 16876,
    "index": 4
  },
  {
    "name": "Require(2) node_modules/egg-jsonp/config/config.default.js",
    "start": 1552392453589,
    "end": 1552392453589,
    "duration": 0,
    "pid": 16876,
    "index": 5
  },
  {
    "name": "Require(3) node_modules/egg-onerror/config/config.default.js",
    "start": 1552392453590,
    "end": 1552392453591,
    "duration": 1,
    "pid": 16876,
    "index": 6
  },
  {
    "name": "Require(4) node_modules/egg-i18n/config/config.default.js",
    "start": 1552392453591,
    "end": 1552392453592,
    "duration": 1,
    "pid": 16876,
    "index": 7
  },
  {
    "name": "Require(5) node_modules/egg-watcher/config/config.default.js",
    "start": 1552392453592,
    "end": 1552392453595,
    "duration": 3,
    "pid": 16876,
    "index": 8
  },
  {
    "name": "Require(6) node_modules/egg-schedule/config/config.default.js",
    "start": 1552392453595,
    "end": 1552392453596,
    "duration": 1,
    "pid": 16876,
    "index": 9
  },
  {
    "name": "Require(7) node_modules/egg-multipart/config/config.default.js",
    "start": 1552392453597,
    "end": 1552392453598,
    "duration": 1,
    "pid": 16876,
    "index": 10
  },
  {
    "name": "Require(8) node_modules/egg-development/config/config.default.js",
    "start": 1552392453599,
    "end": 1552392453600,
    "duration": 1,
    "pid": 16876,
    "index": 11
  },
  {
    "name": "Require(9) node_modules/egg-logrotator/config/config.default.js",
    "start": 1552392453601,
    "end": 1552392453602,
    "duration": 1,
    "pid": 16876,
    "index": 12
  },
  {
    "name": "Require(10) node_modules/egg-static/config/config.default.js",
    "start": 1552392453602,
    "end": 1552392453603,
    "duration": 1,
    "pid": 16876,
    "index": 13
  },
  {
    "name": "Require(11) node_modules/egg-view/config/config.default.js",
    "start": 1552392453603,
    "end": 1552392453604,
    "duration": 1,
    "pid": 16876,
    "index": 14
  },
  {
    "name": "Require(12) node_modules/egg-cors/config/config.default.js",
    "start": 1552392453605,
    "end": 1552392453605,
    "duration": 0,
    "pid": 16876,
    "index": 15
  },
  {
    "name": "Require(13) node_modules/egg/config/config.default.js",
    "start": 1552392453606,
    "end": 1552392453607,
    "duration": 1,
    "pid": 16876,
    "index": 16
  },
  {
    "name": "Require(14) config/config.default.js",
    "start": 1552392453609,
    "end": 1552392453609,
    "duration": 0,
    "pid": 16876,
    "index": 17
  },
  {
    "name": "Require(15) node_modules/egg-watcher/config/config.local.js",
    "start": 1552392453611,
    "end": 1552392453612,
    "duration": 1,
    "pid": 16876,
    "index": 18
  },
  {
    "name": "Require(16) node_modules/egg-view/config/config.local.js",
    "start": 1552392453613,
    "end": 1552392453614,
    "duration": 1,
    "pid": 16876,
    "index": 19
  },
  {
    "name": "Require(17) node_modules/egg/config/config.local.js",
    "start": 1552392453614,
    "end": 1552392453615,
    "duration": 1,
    "pid": 16876,
    "index": 20
  },
  {
    "name": "Load extend/application.js",
    "start": 1552392453617,
    "end": 1552392453631,
    "duration": 14,
    "pid": 16876,
    "index": 21
  },
  {
    "name": "Require(18) node_modules/egg-session/app/extend/application.js",
    "start": 1552392453618,
    "end": 1552392453618,
    "duration": 0,
    "pid": 16876,
    "index": 22
  },
  {
    "name": "Require(19) node_modules/egg-jsonp/app/extend/application.js",
    "start": 1552392453619,
    "end": 1552392453622,
    "duration": 3,
    "pid": 16876,
    "index": 23
  },
  {
    "name": "Require(20) node_modules/egg-logrotator/app/extend/application.js",
    "start": 1552392453623,
    "end": 1552392453626,
    "duration": 3,
    "pid": 16876,
    "index": 24
  },
  {
    "name": "Require(21) node_modules/egg-view/app/extend/application.js",
    "start": 1552392453626,
    "end": 1552392453628,
    "duration": 2,
    "pid": 16876,
    "index": 25
  },
  {
    "name": "Load extend/request.js",
    "start": 1552392453631,
    "end": 1552392453637,
    "duration": 6,
    "pid": 16876,
    "index": 26
  },
  {
    "name": "Require(22) node_modules/egg/app/extend/request.js",
    "start": 1552392453633,
    "end": 1552392453635,
    "duration": 2,
    "pid": 16876,
    "index": 27
  },
  {
    "name": "Load extend/response.js",
    "start": 1552392453637,
    "end": 1552392453643,
    "duration": 6,
    "pid": 16876,
    "index": 28
  },
  {
    "name": "Require(23) node_modules/egg/app/extend/response.js",
    "start": 1552392453639,
    "end": 1552392453641,
    "duration": 2,
    "pid": 16876,
    "index": 29
  },
  {
    "name": "Load extend/context.js",
    "start": 1552392453643,
    "end": 1552392453707,
    "duration": 64,
    "pid": 16876,
    "index": 30
  },
  {
    "name": "Require(24) node_modules/egg-jsonp/app/extend/context.js",
    "start": 1552392453643,
    "end": 1552392453646,
    "duration": 3,
    "pid": 16876,
    "index": 31
  },
  {
    "name": "Require(25) node_modules/egg-i18n/app/extend/context.js",
    "start": 1552392453646,
    "end": 1552392453648,
    "duration": 2,
    "pid": 16876,
    "index": 32
  },
  {
    "name": "Require(26) node_modules/egg-multipart/app/extend/context.js",
    "start": 1552392453649,
    "end": 1552392453700,
    "duration": 51,
    "pid": 16876,
    "index": 33
  },
  {
    "name": "Require(27) node_modules/egg-view/app/extend/context.js",
    "start": 1552392453700,
    "end": 1552392453702,
    "duration": 2,
    "pid": 16876,
    "index": 34
  },
  {
    "name": "Require(28) node_modules/egg/app/extend/context.js",
    "start": 1552392453702,
    "end": 1552392453704,
    "duration": 2,
    "pid": 16876,
    "index": 35
  },
  {
    "name": "Load extend/helper.js",
    "start": 1552392453707,
    "end": 1552392453712,
    "duration": 5,
    "pid": 16876,
    "index": 36
  },
  {
    "name": "Require(29) node_modules/egg/app/extend/helper.js",
    "start": 1552392453710,
    "end": 1552392453710,
    "duration": 0,
    "pid": 16876,
    "index": 37
  },
  {
    "name": "Load app.js",
    "start": 1552392453712,
    "end": 1552392453769,
    "duration": 57,
    "pid": 16876,
    "index": 38
  },
  {
    "name": "Require(30) node_modules/egg-session/app.js",
    "start": 1552392453713,
    "end": 1552392453714,
    "duration": 1,
    "pid": 16876,
    "index": 39
  },
  {
    "name": "Require(31) node_modules/egg-onerror/app.js",
    "start": 1552392453714,
    "end": 1552392453727,
    "duration": 13,
    "pid": 16876,
    "index": 40
  },
  {
    "name": "Require(32) node_modules/egg-i18n/app.js",
    "start": 1552392453727,
    "end": 1552392453751,
    "duration": 24,
    "pid": 16876,
    "index": 41
  },
  {
    "name": "Require(33) node_modules/egg-watcher/app.js",
    "start": 1552392453751,
    "end": 1552392453756,
    "duration": 5,
    "pid": 16876,
    "index": 42
  },
  {
    "name": "Require(34) node_modules/egg-schedule/app.js",
    "start": 1552392453757,
    "end": 1552392453760,
    "duration": 3,
    "pid": 16876,
    "index": 43
  },
  {
    "name": "Require(35) node_modules/egg-multipart/app.js",
    "start": 1552392453760,
    "end": 1552392453763,
    "duration": 3,
    "pid": 16876,
    "index": 44
  },
  {
    "name": "Require(36) node_modules/egg-development/app.js",
    "start": 1552392453763,
    "end": 1552392453764,
    "duration": 1,
    "pid": 16876,
    "index": 45
  },
  {
    "name": "Require(37) node_modules/egg-logrotator/app.js",
    "start": 1552392453764,
    "end": 1552392453765,
    "duration": 1,
    "pid": 16876,
    "index": 46
  },
  {
    "name": "Require(38) node_modules/egg-static/app.js",
    "start": 1552392453766,
    "end": 1552392453766,
    "duration": 0,
    "pid": 16876,
    "index": 47
  },
  {
    "name": "Require(39) node_modules/egg-cors/app.js",
    "start": 1552392453767,
    "end": 1552392453768,
    "duration": 1,
    "pid": 16876,
    "index": 48
  },
  {
    "name": "Before Start in node_modules/egg-watcher/lib/init.js:15:14",
    "start": 1552392453784,
    "end": 1552392453997,
    "duration": 213,
    "pid": 16876,
    "index": 49
  },
  {
    "name": "Load Service",
    "start": 1552392453835,
    "end": 1552392453845,
    "duration": 10,
    "pid": 16876,
    "index": 50
  },
  {
    "name": "Load \"service\" to Context",
    "start": 1552392453835,
    "end": 1552392453845,
    "duration": 10,
    "pid": 16876,
    "index": 51
  },
  {
    "name": "Load Middleware",
    "start": 1552392453846,
    "end": 1552392453962,
    "duration": 116,
    "pid": 16876,
    "index": 52
  },
  {
    "name": "Load \"middlewares\" to Application",
    "start": 1552392453846,
    "end": 1552392453959,
    "duration": 113,
    "pid": 16876,
    "index": 53
  },
  {
    "name": "Load Controller",
    "start": 1552392453962,
    "end": 1552392453973,
    "duration": 11,
    "pid": 16876,
    "index": 54
  },
  {
    "name": "Load \"controller\" to Application",
    "start": 1552392453962,
    "end": 1552392453973,
    "duration": 11,
    "pid": 16876,
    "index": 55
  },
  {
    "name": "Load Router",
    "start": 1552392453973,
    "end": 1552392453976,
    "duration": 3,
    "pid": 16876,
    "index": 56
  },
  {
    "name": "Require(40) app/router.js",
    "start": 1552392453973,
    "end": 1552392453973,
    "duration": 0,
    "pid": 16876,
    "index": 57
  },
  {
    "name": "Before Start in node_modules/egg-core/lib/egg.js:287:10",
    "start": 1552392453973,
    "end": 1552392453986,
    "duration": 13,
    "pid": 16876,
    "index": 58
  }
]