[
  {
    "name": "Application Start",
    "start": 1552391931822,
    "end": 1552391932251,
    "duration": 429,
    "pid": 22628,
    "index": 0
  },
  {
    "name": "Load Plugin",
    "start": 1552391931828,
    "end": 1552391931846,
    "duration": 18,
    "pid": 22628,
    "index": 1
  },
  {
    "name": "Load Config",
    "start": 1552391931847,
    "end": 1552391931869,
    "duration": 22,
    "pid": 22628,
    "index": 2
  },
  {
    "name": "Require(0) config/config.default.js",
    "start": 1552391931847,
    "end": 1552391931848,
    "duration": 1,
    "pid": 22628,
    "index": 3
  },
  {
    "name": "Require(1) node_modules/egg-session/config/config.default.js",
    "start": 1552391931850,
    "end": 1552391931850,
    "duration": 0,
    "pid": 22628,
    "index": 4
  },
  {
    "name": "Require(2) node_modules/egg-jsonp/config/config.default.js",
    "start": 1552391931851,
    "end": 1552391931851,
    "duration": 0,
    "pid": 22628,
    "index": 5
  },
  {
    "name": "Require(3) node_modules/egg-onerror/config/config.default.js",
    "start": 1552391931852,
    "end": 1552391931852,
    "duration": 0,
    "pid": 22628,
    "index": 6
  },
  {
    "name": "Require(4) node_modules/egg-i18n/config/config.default.js",
    "start": 1552391931853,
    "end": 1552391931853,
    "duration": 0,
    "pid": 22628,
    "index": 7
  },
  {
    "name": "Require(5) node_modules/egg-watcher/config/config.default.js",
    "start": 1552391931854,
    "end": 1552391931854,
    "duration": 0,
    "pid": 22628,
    "index": 8
  },
  {
    "name": "Require(6) node_modules/egg-schedule/config/config.default.js",
    "start": 1552391931855,
    "end": 1552391931855,
    "duration": 0,
    "pid": 22628,
    "index": 9
  },
  {
    "name": "Require(7) node_modules/egg-multipart/config/config.default.js",
    "start": 1552391931856,
    "end": 1552391931856,
    "duration": 0,
    "pid": 22628,
    "index": 10
  },
  {
    "name": "Require(8) node_modules/egg-development/config/config.default.js",
    "start": 1552391931857,
    "end": 1552391931858,
    "duration": 1,
    "pid": 22628,
    "index": 11
  },
  {
    "name": "Require(9) node_modules/egg-logrotator/config/config.default.js",
    "start": 1552391931858,
    "end": 1552391931859,
    "duration": 1,
    "pid": 22628,
    "index": 12
  },
  {
    "name": "Require(10) node_modules/egg-static/config/config.default.js",
    "start": 1552391931859,
    "end": 1552391931859,
    "duration": 0,
    "pid": 22628,
    "index": 13
  },
  {
    "name": "Require(11) node_modules/egg-view/config/config.default.js",
    "start": 1552391931860,
    "end": 1552391931861,
    "duration": 1,
    "pid": 22628,
    "index": 14
  },
  {
    "name": "Require(12) node_modules/egg-cors/config/config.default.js",
    "start": 1552391931861,
    "end": 1552391931862,
    "duration": 1,
    "pid": 22628,
    "index": 15
  },
  {
    "name": "Require(13) node_modules/egg/config/config.default.js",
    "start": 1552391931862,
    "end": 1552391931863,
    "duration": 1,
    "pid": 22628,
    "index": 16
  },
  {
    "name": "Require(14) config/config.default.js",
    "start": 1552391931864,
    "end": 1552391931864,
    "duration": 0,
    "pid": 22628,
    "index": 17
  },
  {
    "name": "Require(15) node_modules/egg-watcher/config/config.local.js",
    "start": 1552391931866,
    "end": 1552391931866,
    "duration": 0,
    "pid": 22628,
    "index": 18
  },
  {
    "name": "Require(16) node_modules/egg-view/config/config.local.js",
    "start": 1552391931867,
    "end": 1552391931867,
    "duration": 0,
    "pid": 22628,
    "index": 19
  },
  {
    "name": "Require(17) node_modules/egg/config/config.local.js",
    "start": 1552391931869,
    "end": 1552391931869,
    "duration": 0,
    "pid": 22628,
    "index": 20
  },
  {
    "name": "Load extend/application.js",
    "start": 1552391931871,
    "end": 1552391931883,
    "duration": 12,
    "pid": 22628,
    "index": 21
  },
  {
    "name": "Require(18) node_modules/egg-session/app/extend/application.js",
    "start": 1552391931871,
    "end": 1552391931872,
    "duration": 1,
    "pid": 22628,
    "index": 22
  },
  {
    "name": "Require(19) node_modules/egg-jsonp/app/extend/application.js",
    "start": 1552391931872,
    "end": 1552391931873,
    "duration": 1,
    "pid": 22628,
    "index": 23
  },
  {
    "name": "Require(20) node_modules/egg-logrotator/app/extend/application.js",
    "start": 1552391931875,
    "end": 1552391931876,
    "duration": 1,
    "pid": 22628,
    "index": 24
  },
  {
    "name": "Require(21) node_modules/egg-view/app/extend/application.js",
    "start": 1552391931877,
    "end": 1552391931879,
    "duration": 2,
    "pid": 22628,
    "index": 25
  },
  {
    "name": "Load extend/request.js",
    "start": 1552391931883,
    "end": 1552391931887,
    "duration": 4,
    "pid": 22628,
    "index": 26
  },
  {
    "name": "Require(22) node_modules/egg/app/extend/request.js",
    "start": 1552391931885,
    "end": 1552391931885,
    "duration": 0,
    "pid": 22628,
    "index": 27
  },
  {
    "name": "Load extend/response.js",
    "start": 1552391931887,
    "end": 1552391931894,
    "duration": 7,
    "pid": 22628,
    "index": 28
  },
  {
    "name": "Require(23) node_modules/egg/app/extend/response.js",
    "start": 1552391931889,
    "end": 1552391931892,
    "duration": 3,
    "pid": 22628,
    "index": 29
  },
  {
    "name": "Load extend/context.js",
    "start": 1552391931894,
    "end": 1552391931967,
    "duration": 73,
    "pid": 22628,
    "index": 30
  },
  {
    "name": "Require(24) node_modules/egg-jsonp/app/extend/context.js",
    "start": 1552391931894,
    "end": 1552391931897,
    "duration": 3,
    "pid": 22628,
    "index": 31
  },
  {
    "name": "Require(25) node_modules/egg-i18n/app/extend/context.js",
    "start": 1552391931898,
    "end": 1552391931900,
    "duration": 2,
    "pid": 22628,
    "index": 32
  },
  {
    "name": "Require(26) node_modules/egg-multipart/app/extend/context.js",
    "start": 1552391931901,
    "end": 1552391931960,
    "duration": 59,
    "pid": 22628,
    "index": 33
  },
  {
    "name": "Require(27) node_modules/egg-view/app/extend/context.js",
    "start": 1552391931961,
    "end": 1552391931962,
    "duration": 1,
    "pid": 22628,
    "index": 34
  },
  {
    "name": "Require(28) node_modules/egg/app/extend/context.js",
    "start": 1552391931962,
    "end": 1552391931964,
    "duration": 2,
    "pid": 22628,
    "index": 35
  },
  {
    "name": "Load extend/helper.js",
    "start": 1552391931967,
    "end": 1552391931971,
    "duration": 4,
    "pid": 22628,
    "index": 36
  },
  {
    "name": "Require(29) node_modules/egg/app/extend/helper.js",
    "start": 1552391931969,
    "end": 1552391931969,
    "duration": 0,
    "pid": 22628,
    "index": 37
  },
  {
    "name": "Load app.js",
    "start": 1552391931971,
    "end": 1552391932027,
    "duration": 56,
    "pid": 22628,
    "index": 38
  },
  {
    "name": "Require(30) node_modules/egg-session/app.js",
    "start": 1552391931972,
    "end": 1552391931972,
    "duration": 0,
    "pid": 22628,
    "index": 39
  },
  {
    "name": "Require(31) node_modules/egg-onerror/app.js",
    "start": 1552391931973,
    "end": 1552391931987,
    "duration": 14,
    "pid": 22628,
    "index": 40
  },
  {
    "name": "Require(32) node_modules/egg-i18n/app.js",
    "start": 1552391931988,
    "end": 1552391932012,
    "duration": 24,
    "pid": 22628,
    "index": 41
  },
  {
    "name": "Require(33) node_modules/egg-watcher/app.js",
    "start": 1552391932012,
    "end": 1552391932018,
    "duration": 6,
    "pid": 22628,
    "index": 42
  },
  {
    "name": "Require(34) node_modules/egg-schedule/app.js",
    "start": 1552391932018,
    "end": 1552391932019,
    "duration": 1,
    "pid": 22628,
    "index": 43
  },
  {
    "name": "Require(35) node_modules/egg-multipart/app.js",
    "start": 1552391932019,
    "end": 1552391932024,
    "duration": 5,
    "pid": 22628,
    "index": 44
  },
  {
    "name": "Require(36) node_modules/egg-development/app.js",
    "start": 1552391932024,
    "end": 1552391932024,
    "duration": 0,
    "pid": 22628,
    "index": 45
  },
  {
    "name": "Require(37) node_modules/egg-logrotator/app.js",
    "start": 1552391932025,
    "end": 1552391932025,
    "duration": 0,
    "pid": 22628,
    "index": 46
  },
  {
    "name": "Require(38) node_modules/egg-static/app.js",
    "start": 1552391932025,
    "end": 1552391932026,
    "duration": 1,
    "pid": 22628,
    "index": 47
  },
  {
    "name": "Require(39) node_modules/egg-cors/app.js",
    "start": 1552391932026,
    "end": 1552391932026,
    "duration": 0,
    "pid": 22628,
    "index": 48
  },
  {
    "name": "Before Start in node_modules/egg-watcher/lib/init.js:15:14",
    "start": 1552391932042,
    "end": 1552391932249,
    "duration": 207,
    "pid": 22628,
    "index": 49
  },
  {
    "name": "Load Service",
    "start": 1552391932090,
    "end": 1552391932098,
    "duration": 8,
    "pid": 22628,
    "index": 50
  },
  {
    "name": "Load \"service\" to Context",
    "start": 1552391932090,
    "end": 1552391932098,
    "duration": 8,
    "pid": 22628,
    "index": 51
  },
  {
    "name": "Load Middleware",
    "start": 1552391932098,
    "end": 1552391932207,
    "duration": 109,
    "pid": 22628,
    "index": 52
  },
  {
    "name": "Load \"middlewares\" to Application",
    "start": 1552391932098,
    "end": 1552391932204,
    "duration": 106,
    "pid": 22628,
    "index": 53
  },
  {
    "name": "Load Controller",
    "start": 1552391932207,
    "end": 1552391932214,
    "duration": 7,
    "pid": 22628,
    "index": 54
  },
  {
    "name": "Load \"controller\" to Application",
    "start": 1552391932207,
    "end": 1552391932214,
    "duration": 7,
    "pid": 22628,
    "index": 55
  },
  {
    "name": "Load Router",
    "start": 1552391932214,
    "end": 1552391932220,
    "duration": 6,
    "pid": 22628,
    "index": 56
  },
  {
    "name": "Require(40) app/router.js",
    "start": 1552391932217,
    "end": 1552391932217,
    "duration": 0,
    "pid": 22628,
    "index": 57
  },
  {
    "name": "Before Start in node_modules/egg-core/lib/egg.js:287:10",
    "start": 1552391932218,
    "end": 1552391932231,
    "duration": 13,
    "pid": 22628,
    "index": 58
  }
]