[
  {
    "name": null,
    "methods": [
      "HEAD",
      "GET"
    ],
    "paramNames": [],
    "path": "/",
    "regexp": "/^(?:\\/(?=$))?$/",
    "stack": [
      "wrappedController"
    ]
  },
  {
    "name": null,
    "methods": [
      "POST"
    ],
    "paramNames": [],
    "path": "/api/sms/yunpian/sendSms",
    "regexp": "/^\\/api\\/sms\\/yunpian\\/sendSms(?:\\/(?=$))?$/",
    "stack": [
      "wrappedController"
    ]
  },
  {
    "name": null,
    "methods": [
      "HEAD",
      "GET"
    ],
    "paramNames": [],
    "path": "/api/data/orderInfo/getOrderData",
    "regexp": "/^\\/api\\/data\\/orderInfo\\/getOrderData(?:\\/(?=$))?$/",
    "stack": [
      "wrappedController"
    ]
  },
  {
    "name": null,
    "methods": [
      "HEAD",
      "GET"
    ],
    "paramNames": [
      {
        "name": "page",
        "prefix": "/",
        "delimiter": "/",
        "optional": false,
        "repeat": false,
        "partial": false,
        "asterisk": false,
        "pattern": "[^\\/]+?"
      }
    ],
    "path": "/api/data/orderInfo/getOrderDataByPage/:page",
    "regexp": "/^\\/api\\/data\\/orderInfo\\/getOrderDataByPage\\/((?:[^\\/]+?))(?:\\/(?=$))?$/",
    "stack": [
      "wrappedController"
    ]
  },
  {
    "name": null,
    "methods": [
      "HEAD",
      "GET"
    ],
    "paramNames": [],
    "path": "/api/data/orderInfo/getOrderCount",
    "regexp": "/^\\/api\\/data\\/orderInfo\\/getOrderCount(?:\\/(?=$))?$/",
    "stack": [
      "wrappedController"
    ]
  },
  {
    "name": null,
    "methods": [
      "POST"
    ],
    "paramNames": [],
    "path": "/api/data/orderInfo/setOrderData",
    "regexp": "/^\\/api\\/data\\/orderInfo\\/setOrderData(?:\\/(?=$))?$/",
    "stack": [
      "wrappedController"
    ]
  },
  {
    "name": null,
    "methods": [
      "DELETE"
    ],
    "paramNames": [
      {
        "name": "id",
        "prefix": "/",
        "delimiter": "/",
        "optional": false,
        "repeat": false,
        "partial": false,
        "asterisk": false,
        "pattern": "[^\\/]+?"
      }
    ],
    "path": "/api/data/orderInfo/delOrderData/:id",
    "regexp": "/^\\/api\\/data\\/orderInfo\\/delOrderData\\/((?:[^\\/]+?))(?:\\/(?=$))?$/",
    "stack": [
      "wrappedController"
    ]
  },
  {
    "name": null,
    "methods": [
      "HEAD",
      "GET"
    ],
    "paramNames": [
      {
        "name": "page",
        "prefix": "/",
        "delimiter": "/",
        "optional": false,
        "repeat": false,
        "partial": false,
        "asterisk": false,
        "pattern": "[^\\/]+?"
      }
    ],
    "path": "/api/data/logisticsInfo/getLogisticsDataByPage/:page",
    "regexp": "/^\\/api\\/data\\/logisticsInfo\\/getLogisticsDataByPage\\/((?:[^\\/]+?))(?:\\/(?=$))?$/",
    "stack": [
      "wrappedController"
    ]
  },
  {
    "name": null,
    "methods": [
      "HEAD",
      "GET"
    ],
    "paramNames": [],
    "path": "/api/data/logisticsInfo/getLogisticsDataByAll",
    "regexp": "/^\\/api\\/data\\/logisticsInfo\\/getLogisticsDataByAll(?:\\/(?=$))?$/",
    "stack": [
      "wrappedController"
    ]
  },
  {
    "name": null,
    "methods": [
      "POST"
    ],
    "paramNames": [],
    "path": "/api/data/logisticsInfo/setLogisticsData",
    "regexp": "/^\\/api\\/data\\/logisticsInfo\\/setLogisticsData(?:\\/(?=$))?$/",
    "stack": [
      "wrappedController"
    ]
  },
  {
    "name": null,
    "methods": [
      "DELETE"
    ],
    "paramNames": [
      {
        "name": "id",
        "prefix": "/",
        "delimiter": "/",
        "optional": false,
        "repeat": false,
        "partial": false,
        "asterisk": false,
        "pattern": "[^\\/]+?"
      }
    ],
    "path": "/api/data/logisticsInfo/delLogisticsData/:id",
    "regexp": "/^\\/api\\/data\\/logisticsInfo\\/delLogisticsData\\/((?:[^\\/]+?))(?:\\/(?=$))?$/",
    "stack": [
      "wrappedController"
    ]
  },
  {
    "name": null,
    "methods": [
      "HEAD",
      "GET"
    ],
    "paramNames": [],
    "path": "/api/data/logisticsInfo/getLogisticCount",
    "regexp": "/^\\/api\\/data\\/logisticsInfo\\/getLogisticCount(?:\\/(?=$))?$/",
    "stack": [
      "wrappedController"
    ]
  },
  {
    "name": null,
    "methods": [
      "HEAD",
      "GET"
    ],
    "paramNames": [],
    "path": "/api/data/customInfo/getCustomDataByAll",
    "regexp": "/^\\/api\\/data\\/customInfo\\/getCustomDataByAll(?:\\/(?=$))?$/",
    "stack": [
      "wrappedController"
    ]
  }
]